timestamp,open,high,low,close,volume,symbol
1786625056,1.100164990401533,1.101,1.099,1.0993409803562493,552,XAUUSD
1786625056,1.099786047751443,1.101,1.099,1.0977157987589532,769,USDJPY
1786625056,1.0996138320773963,1.101,1.099,1.0996894753203132,605,EURUSD
1786625056,1.0986348060574027,1.101,1.099,1.1000177688839503,350,GBPUSD
1786625956,1.1007324937210214,1.101,1.099,1.0984088256770357,759,EURUSD
1786625956,1.0991736745706646,1.101,1.099,1.0981474978727053,303,GBPUSD
1786625956,1.1011011285792116,1.101,1.099,1.0976185361719804,113,USDJPY
1786625956,1.101136760598601,1.101,1.099,1.1013720828390139,185,XAUUSD
1786626856,1.0986566962882287,1.101,1.099,1.0992504099718483,375,GBPUSD
1786626856,1.1005490238230082,1.101,1.099,1.0995502098545138,728,USDJPY
1786626856,1.099869698181608,1.101,1.099,1.1011095201439474,138,XAUUSD
1786626856,1.1007656634157836,1.101,1.099,1.098721475557471,364,EURUSD
1786627756,1.1010394485525432,1.101,1.099,1.0996356505803693,971,USDJPY
1786627756,1.0986700251925106,1.101,1.099,1.096413972039298,713,GBPUSD
1786627756,1.0989116733057573,1.101,1.099,1.0989173784092965,138,EURUSD
1786627756,1.0996145979397318,1.101,1.099,1.1002744695837126,178,XAUUSD
1786628656,1.0999153478696886,1.101,1.099,1.1016796468953491,986,XAUUSD
1786628656,1.0992730452634896,1.101,1.099,1.0972250147942972,106,EURUSD
1786628656,1.10021579639283,1.101,1.099,1.0950789757047514,719,GBPUSD
1786628656,1.1021258421364477,1.101,1.099,1.0982448148499273,466,USDJPY
1786629556,1.0977867619842476,1.101,1.099,1.09748405005863,841,EURUSD
1786629556,1.098023989114067,1.101,1.099,1.1026384258929296,209,XAUUSD
1786629556,1.1023195762642437,1.101,1.099,1.0988820942804884,284,USDJPY
1786629556,1.0991193532426908,1.101,1.099,1.0949380734787062,380,GBPUSD
1786630456,1.1000542435440488,1.101,1.099,1.0934224952446807,726,GBPUSD
1786630456,1.1024865146286749,1.101,1.099,1.0992299955205023,298,USDJPY
1786630456,1.098483016896219,1.101,1.099,1.1029022224904517,467,XAUUSD
1786630456,1.0982024556688943,1.101,1.099,1.0987657360037975,641,EURUSD
1786631356,1.1024914908366308,1.101,1.099,1.0990427582708155,638,USDJPY
1786631356,1.10018585936688,1.101,1.099,1.1027735989974596,613,XAUUSD
1786631356,1.0984699387737136,1.101,1.099,1.09929941624768,690,EURUSD
1786631356,1.1009549183535663,1.101,1.099,1.0933484834204013,356,GBPUSD
1786632256,1.1002955930312788,1.101,1.099,1.1027489047623955,282,XAUUSD
1786632256,1.0984089790722609,1.101,1.099,1.1000135296127471,959,EURUSD
1786632256,1.1007032163555988,1.101,1.099,1.093341754337149,641,GBPUSD
1786632256,1.103864283692092,1.101,1.099,1.0991607220182515,765,USDJPY
1786633156,1.0983674986400207,1.101,1.099,1.1004463979116794,109,EURUSD
1786633156,1.1029082143513589,1.101,1.099,1.1018340961452102,562,XAUUSD
1786633156,1.102966015614415,1.101,1.099,1.0989535338519165,324,USDJPY
1786633156,1.100561781173314,1.101,1.099,1.0909805239223103,269,GBPUSD
1786634056,1.0980002047691513,1.101,1.099,1.1006713596764468,503,EURUSD
1786634056,1.102388870513532,1.101,1.099,1.098593389719965,774,USDJPY
1786634056,1.1035845856479065,1.101,1.099,1.1022464022302858,945,XAUUSD
1786634056,1.0993380217434394,1.101,1.099,1.0913529318731146,217,GBPUSD
1786634956,1.1030788234131044,1.101,1.099,1.1041378113579234,202,XAUUSD
1786634956,1.0964392055039665,1.101,1.099,1.100769207206641,376,EURUSD
1786634956,1.1005224589743179,1.101,1.099,1.0901267003559838,295,GBPUSD
1786634956,1.0997080596623376,1.101,1.099,1.0975451561404417,950,USDJPY
1786635856,1.1032374973905084,1.101,1.099,1.1029788759840904,820,XAUUSD
1786635856,1.0987136232040258,1.101,1.099,1.0957601649135429,637,USDJPY
1786635856,1.096633521344167,1.101,1.099,1.1015701233080624,855,EURUSD
1786635856,1.1010769808866834,1.101,1.099,1.089658159459773,842,GBPUSD
1786636756,1.0988577831835542,1.101,1.099,1.1015705458045182,217,EURUSD
1786636756,1.100686890775479,1.101,1.099,1.0887976719234085,115,GBPUSD
1786636756,1.0995299213513101,1.101,1.099,1.0963749602660302,754,USDJPY
1786636756,1.1017194988201555,1.101,1.099,1.1026279633336729,220,XAUUSD
1786637656,1.10052691808969,1.101,1.099,1.1008070635414287,816,XAUUSD
1786637656,1.0995267688514054,1.101,1.099,1.1021477689858807,551,EURUSD
1786637656,1.0994788358634817,1.101,1.099,1.0960817869003994,562,USDJPY
1786637656,1.1034468087359872,1.101,1.099,1.0880947034167798,177,GBPUSD
1786638556,1.09946485763877,1.101,1.099,1.1008666789865342,512,EURUSD
1786638556,1.1007631762369732,1.101,1.099,1.0994750692197193,296,XAUUSD
1786638556,1.1028288189790338,1.101,1.099,1.088529858189826,460,GBPUSD
1786638556,1.0995931156668801,1.101,1.099,1.0971554244715154,711,USDJPY
1786639456,1.1009740987853958,1.101,1.099,1.1004956210027999,730,EURUSD
1786639456,1.1021973330483787,1.101,1.099,1.0881838389835934,591,GBPUSD
1786639456,1.101758001840035,1.101,1.099,1.1000800885887831,418,XAUUSD
1786639456,1.0987166766072543,1.101,1.099,1.096111723609792,853,USDJPY
1786640356,1.1020709417986008,1.101,1.099,1.0887378919711574,957,GBPUSD
1786640356,1.1015075627442352,1.101,1.099,1.1006618700462578,630,XAUUSD
1786640356,1.0991678942300602,1.101,1.099,1.0955625288531925,423,USDJPY
1786640356,1.1005149153634346,1.101,1.099,1.1016272999207495,158,EURUSD
1786641256,1.1009660063793405,1.101,1.099,1.0996215623786136,166,XAUUSD
1786641256,1.1021647558954017,1.101,1.099,1.0907254254275798,360,GBPUSD
1786641256,1.1009604480956467,1.101,1.099,1.1015268480513571,586,EURUSD
1786641256,1.0982739209743102,1.101,1.099,1.0956803756211313,566,USDJPY
1786642156,1.1004528674333214,1.101,1.099,1.0907687593098716,635,GBPUSD
1786642156,1.1006628430387317,1.101,1.099,1.099592982765104,775,EURUSD
1786642156,1.101400213226547,1.101,1.099,1.099616706034524,703,XAUUSD
1786642156,1.0988444500285124,1.101,1.099,1.0949316224839136,751,USDJPY
1786643056,1.1008565308962357,1.101,1.099,1.0996535164487113,171,EURUSD
1786643056,1.1031223618543191,1.101,1.099,1.0984734656702135,849,XAUUSD
1786643056,1.0996729672992684,1.101,1.099,1.0920046827116108,500,GBPUSD
1786643056,1.0974056433443717,1.101,1.099,1.0941395783400127,607,USDJPY
1786643956,1.1026171355149685,1.101,1.099,1.0994325915410712,311,XAUUSD
1786643956,1.096992067639018,1.101,1.099,1.0925853510677024,348,USDJPY
1786643956,1.0990139048342331,1.101,1.099,1.0899172922524305,686,GBPUSD
1786643956,1.102464191883348,1.101,1.099,1.0998060660638997,697,EURUSD
1786644856,1.0967291593133714,1.101,1.099,1.0921100720909336,630,USDJPY
1786644856,1.103676397987747,1.101,1.099,1.099069189968262,531,XAUUSD
1786644856,1.1031558268963952,1.101,1.099,1.0987354203351412,476,EURUSD
1786644856,1.0997127759287524,1.101,1.099,1.0884090809487028,661,GBPUSD
1786645756,1.099764372212192,1.101,1.099,1.0871859775469528,435,GBPUSD
1786645756,1.1012220724582777,1.101,1.099,1.0996343433844153,673,EURUSD
1786645756,1.098002719191331,1.101,1.099,1.0909349652446254,394,USDJPY
1786645756,1.103055994570462,1.101,1.099,1.09932611570955,189,XAUUSD
1786646656,1.1029763793046954,1.101,1.099,1.100199900548177,552,EURUSD
1786646656,1.102274160608719,1.101,1.099,1.0997352647669258,695,XAUUSD
1786646656,1.1014446187194333,1.101,1.099,1.0880731316943795,319,GBPUSD
1786646656,1.0984961446593833,1.101,1.099,1.089618562191277,112,USDJPY
1786647556,1.1002024686945944,1.101,1.099,1.0888238477646468,672,GBPUSD
1786647556,1.0994810437933409,1.101,1.099,1.0911020525460544,775,USDJPY
1786647556,1.1018593297218107,1.101,1.099,1.1028846516992308,322,EURUSD
1786647556,1.102271964931977,1.101,1.099,1.1003528104205542,884,XAUUSD
1786648456,1.1033286462538132,1.101,1.099,1.1017094295722676,923,EURUSD
1786648456,1.099372042450564,1.101,1.099,1.0875293776237642,177,GBPUSD
1786648456,1.1016680331798312,1.101,1.099,1.1013857550181771,969,XAUUSD
1786648456,1.0997731042756764,1.101,1.099,1.0905482239683884,930,USDJPY
1786649356,1.1005417945913905,1.101,1.099,1.0901596195256964,991,USDJPY
1786649356,1.1031260880383802,1.101,1.099,1.1009277385873681,516,XAUUSD
1786649356,1.0980321376862898,1.101,1.099,1.0882488628160416,654,GBPUSD
1786649356,1.102477070279486,1.101,1.099,1.1000070893250822,149,EURUSD
1786650256,1.1027896773000438,1.101,1.099,1.0998668612286178,910,EURUSD
1786650256,1.0969876478425418,1.101,1.099,1.0880515038417276,458,GBPUSD
1786650256,1.1026423669886996,1.101,1.099,1.1006616618970049,697,XAUUSD
1786650256,1.1002780718526262,1.101,1.099,1.0887569196116371,435,USDJPY
1786651156,1.0975261046827756,1.101,1.099,1.087212764934941,151,USDJPY
1786651156,1.1026063203476217,1.101,1.099,1.1004665045101916,359,XAUUSD
1786651156,1.0986135425449266,1.101,1.099,1.0882518199642968,708,GBPUSD
1786651156,1.1015921080384816,1.101,1.099,1.0983951755679981,348,EURUSD
1786652056,1.10123222811362,1.101,1.099,1.0975139564682586,502,EURUSD
1786652056,1.0996437059377404,1.101,1.099,1.087402230478225,122,GBPUSD
1786652056,1.1029072512976514,1.101,1.099,1.1022155375708318,278,XAUUSD
1786652056,1.097818271087161,1.101,1.099,1.087536688564677,343,USDJPY
1786652956,1.0984779573811858,1.101,1.099,1.0892254098216072,237,USDJPY
1786652956,1.1035183902309702,1.101,1.099,1.10246282226767,530,XAUUSD
1786652956,1.1006907845077467,1.101,1.099,1.0868400776562899,246,GBPUSD
1786652956,1.10064105286288,1.101,1.099,1.0979783100677025,631,EURUSD
1786653856,1.0975976631443418,1.101,1.099,1.0895660930325317,774,USDJPY
1786653856,1.1034214101537085,1.101,1.099,1.1025143660278183,414,XAUUSD
1786653856,1.099826383382396,1.101,1.099,1.0893006212838368,873,GBPUSD
1786653856,1.1012343125843755,1.101,1.099,1.097336246114599,727,EURUSD
1786654756,1.1021544335437559,1.101,1.099,1.0976108976712515,110,EURUSD
1786654756,1.0992129238298303,1.101,1.099,1.0896956105942481,661,GBPUSD
1786654756,1.104353703343883,1.101,1.099,1.1013586429488553,647,XAUUSD
1786654756,1.0976162559325076,1.101,1.099,1.0892893966385584,741,USDJPY
1786655656,1.1026319113982157,1.101,1.099,1.097202568779604,589,EURUSD
1786655656,1.1045002128521941,1.101,1.099,1.1005911222483864,541,XAUUSD
1786655656,1.09685602251897,1.101,1.099,1.0894675482398641,374,USDJPY
1786655656,1.098336889713529,1.101,1.099,1.0910631011568321,607,GBPUSD
1786656556,1.1051654211325004,1.101,1.099,1.1009250733304912,125,XAUUSD
1786656556,1.1033151977267022,1.101,1.099,1.0978025736606543,361,EURUSD
1786656556,1.0974684284382101,1.101,1.099,1.0916075747896639,763,GBPUSD
1786656556,1.0960702398919429,1.101,1.099,1.0887704029940428,459,USDJPY
1786657456,1.0957444273477612,1.101,1.099,1.0884912123681802,665,USDJPY
1786657456,1.10489269730718,1.101,1.099,1.1008249064493543,844,XAUUSD
1786657456,1.1042059153571693,1.101,1.099,1.097868034731145,784,EURUSD
1786657456,1.0968979927591038,1.101,1.099,1.0912951486358495,630,GBPUSD
1786658356,1.0990506707526555,1.101,1.099,1.0923332293896015,257,GBPUSD
1786658356,1.0955700867950222,1.101,1.099,1.0886227210673531,815,USDJPY
1786658356,1.1044558709472918,1.101,1.099,1.1014828435333401,846,XAUUSD
1786658356,1.1049403558752766,1.101,1.099,1.0974019683531966,859,EURUSD
1786659256,1.1021385299747795,1.101,1.099,1.0979136230755453,491,EURUSD
1786659256,1.1023493077448159,1.101,1.099,1.1009481761255433,790,XAUUSD
1786659256,1.0949066160338876,1.101,1.099,1.0893623027641337,469,USDJPY
1786659256,1.0981488472435228,1.101,1.099,1.0926998854273147,988,GBPUSD
1786660156,1.1003432250051561,1.101,1.099,1.0922380018054827,554,GBPUSD
1786660156,1.0937760972544435,1.101,1.099,1.0886689581136606,214,USDJPY
1786660156,1.103588549133443,1.101,1.099,1.1004275383788433,284,XAUUSD
1786660156,1.1029054589973402,1.101,1.099,1.0963076735740651,604,EURUSD
1786661056,1.103463691476732,1.101,1.099,1.0967911322420199,172,EURUSD
1786661056,1.1035911002448957,1.101,1.099,1.1014958346682213,746,XAUUSD
1786661056,1.0936847773468403,1.101,1.099,1.0898913379028374,417,USDJPY
1786661056,1.1000556730109912,1.101,1.099,1.09219812961028,359,GBPUSD
1786661956,1.1001855948485701,1.101,1.099,1.0931711279665821,403,GBPUSD
1786661956,1.0929246865648827,1.101,1.099,1.0895698385733663,288,USDJPY
1786661956,1.10543825824463,1.101,1.099,1.0989455254162648,323,XAUUSD
1786661956,1.1039152579466784,1.101,1.099,1.0965761463214316,325,EURUSD
1786662856,1.102561028112057,1.101,1.099,1.097890725538885,421,EURUSD
1786662856,1.1068942096199206,1.101,1.099,1.0994851375427146,465,XAUUSD
1786662856,1.0917418759649749,1.101,1.099,1.0900597424591987,424,USDJPY
1786662856,1.0993878521392977,1.101,1.099,1.0933287967323022,484,GBPUSD
1786663756,1.09923113162803,1.101,1.099,1.0936690360083663,221,GBPUSD
1786663756,1.0912237104974198,1.101,1.099,1.0892391902394625,974,USDJPY
1786663756,1.1070191992951954,1.101,1.099,1.0998405786730947,645,XAUUSD
1786663756,1.1011523337332672,1.101,1.099,1.09857423836297,419,EURUSD
1786664656,1.1010222617934786,1.101,1.099,1.1002080591543661,418,EURUSD
1786664656,1.1079331610337453,1.101,1.099,1.0991086024197765,968,XAUUSD
1786664656,1.0911800670595766,1.101,1.099,1.0898509040541602,920,USDJPY
1786664656,1.0995723370197685,1.101,1.099,1.0922417198126362,572,GBPUSD
1786665556,1.10015527006075,1.101,1.099,1.0927316756214274,118,GBPUSD
1786665556,1.0893116484653576,1.101,1.099,1.08917479741098,283,USDJPY
1786665556,1.107601223655226,1.101,1.099,1.099669391290722,894,XAUUSD
1786665556,1.1002159113620038,1.101,1.099,1.101204431555818,129,EURUSD
1786666456,1.0971262152604886,1.101,1.099,1.1001719195531692,772,EURUSD
1786666456,1.109522871827186,1.101,1.099,1.1002280888003142,414,XAUUSD
1786666456,1.1021582370604701,1.101,1.099,1.0912998126861788,946,GBPUSD
1786666456,1.0890363564053052,1.101,1.099,1.0887475960496071,639,USDJPY
1786667356,1.088883707263043,1.101,1.099,1.0907490136701168,564,USDJPY
1786667356,1.1014894947208207,1.101,1.099,1.0908637841066418,393,GBPUSD
1786667356,1.1079410819720177,1.101,1.099,1.1005119855094538,600,XAUUSD
1786667356,1.0958977109187542,1.101,1.099,1.1012398529984704,171,EURUSD
1786668256,1.0968399279665288,1.101,1.099,1.1011081822038247,419,EURUSD
1786668256,1.1076110124542202,1.101,1.099,1.1011249038005648,934,XAUUSD
1786668256,1.101948802213996,1.101,1.099,1.0915608495571882,102,GBPUSD
1786668256,1.088212066840857,1.101,1.099,1.0904656752024546,950,USDJPY
1786669156,1.1065691564716449,1.101,1.099,1.1010686590136192,869,XAUUSD
1786669156,1.096573041318286,1.101,1.099,1.1012941466885113,741,EURUSD
1786669156,1.087485464603372,1.101,1.099,1.088709995782618,472,USDJPY
1786669156,1.1013436763954456,1.101,1.099,1.0915695843681772,315,GBPUSD
1786670056,1.1062824937511537,1.101,1.099,1.1026438025493297,632,XAUUSD
1786670056,1.0876157612740593,1.101,1.099,1.0899238748063098,558,USDJPY
1786670056,1.098192576281864,1.101,1.099,1.1013238494977744,130,EURUSD
1786670056,1.1016565922667791,1.101,1.099,1.0926439986784207,858,GBPUSD
1786670956,1.088329604398754,1.101,1.099,1.0901291766433954,141,USDJPY
1786670956,1.1011199688514757,1.101,1.099,1.090342077493158,362,GBPUSD
1786670956,1.1062127254877192,1.101,1.099,1.102215736758665,515,XAUUSD
1786670956,1.0992999779912784,1.101,1.099,1.1015935244161086,748,EURUSD
1786671856,1.100360812223012,1.101,1.099,1.1017649239617537,914,EURUSD
1786671856,1.1052222714318791,1.101,1.099,1.1014721614844978,109,XAUUSD
1786671856,1.0998967851954244,1.101,1.099,1.0893267432511646,640,GBPUSD
1786671856,1.0890267645807825,1.101,1.099,1.088847918980819,901,USDJPY
1786672756,1.101318469115139,1.101,1.099,1.1031078452523295,417,EURUSD
1786672756,1.0997978178342611,1.101,1.099,1.0885754642515406,467,GBPUSD
1786672756,1.0892338376535209,1.101,1.099,1.0884373245536423,161,USDJPY
1786672756,1.1049340232997067,1.101,1.099,1.1000374054857789,479,XAUUSD
1786673656,1.0900782334554389,1.101,1.099,1.089334299406087,828,USDJPY
1786673656,1.100739393836819,1.101,1.099,1.1026849632020523,494,EURUSD
1786673656,1.1030356153752985,1.101,1.099,1.0994089219118324,817,XAUUSD
1786673656,1.100821350236686,1.101,1.099,1.0884730290839675,271,GBPUSD
1786674556,1.099093124201194,1.101,1.099,1.0877689749903472,452,GBPUSD
1786674556,1.1003369795064881,1.101,1.099,1.1032809540415733,815,EURUSD
1786674556,1.089328640057345,1.101,1.099,1.0885380700641725,858,USDJPY
1786674556,1.1028438426407592,1.101,1.099,1.0998517164194799,911,XAUUSD
1786675456,1.1007628727545777,1.101,1.099,1.1036789878996054,626,EURUSD
1786675456,1.1025912735106518,1.101,1.099,1.1013476609724082,232,XAUUSD
1786675456,1.090225771172634,1.101,1.099,1.0885084769876212,394,USDJPY
1786675456,1.099748209258391,1.101,1.099,1.0876985439558902,994,GBPUSD
1786676356,1.1020597895135762,1.101,1.099,1.1010535891519835,589,XAUUSD
1786676356,1.1026382581330676,1.101,1.099,1.104593766840639,573,EURUSD
1786676356,1.0995937250095251,1.101,1.099,1.0859878466382367,888,GBPUSD
1786676356,1.0909403794716386,1.101,1.099,1.0877065360919196,124,USDJPY
1786677256,1.100137532787079,1.101,1.099,1.087462850753226,786,GBPUSD
1786677256,1.0907248725539649,1.101,1.099,1.088581417596828,127,USDJPY
1786677256,1.1024479702671712,1.101,1.099,1.1025052545271663,871,XAUUSD
1786677256,1.1015409038189008,1.101,1.099,1.104210534130006,966,EURUSD
1786678156,1.1015612815507096,1.101,1.099,1.1043542920546117,862,EURUSD
1786678156,1.103926227321956,1.101,1.099,1.1023809679223107,339,XAUUSD
1786678156,1.090471469129793,1.101,1.099,1.0888767632477356,539,USDJPY
1786678156,1.1002138274267186,1.101,1.099,1.0882880097721332,765,GBPUSD
1786679056,1.0999682245717208,1.101,1.099,1.089688894650636,904,GBPUSD
1786679056,1.0886185957670986,1.101,1.099,1.0885562676446177,513,USDJPY
1786679056,1.1040489219345744,1.101,1.099,1.1035023047974155,274,XAUUSD
1786679056,1.1014628751617703,1.101,1.099,1.1048479173440924,268,EURUSD
1786679956,1.100017645895915,1.101,1.099,1.0892996787436842,218,GBPUSD
1786679956,1.1034492185088864,1.101,1.099,1.1031955956382027,794,XAUUSD
1786679956,1.087288390292055,1.101,1.099,1.0896997576982543,492,USDJPY
1786679956,1.1020539940820822,1.101,1.099,1.106406667246043,134,EURUSD
1786680856,1.0874688180678,1.101,1.099,1.089887871425839,480,USDJPY
1786680856,1.0998321664227888,1.101,1.099,1.088026622751726,334,GBPUSD
1786680856,1.1018559829812176,1.101,1.099,1.1074635481063726,445,EURUSD
1786680856,1.10278627308138,1.101,1.099,1.1027036639202024,454,XAUUSD
1786681756,1.0879509945017949,1.101,1.099,1.0898126263717542,350,USDJPY
1786681756,1.1049573890567768,1.101,1.099,1.1094146110205318,189,EURUSD
1786681756,1.1001906145849714,1.101,1.099,1.0880570970778056,201,GBPUSD
1786681756,1.102136945907259,1.101,1.099,1.1025943037483383,606,XAUUSD
1786682656,1.100310413099467,1.101,1.099,1.0871063477762508,273,GBPUSD
1786682656,1.086903915018008,1.101,1.099,1.089871542892266,757,USDJPY
1786682656,1.102176511390576,1.101,1.099,1.1011181440447262,261,XAUUSD
1786682656,1.1054361920713198,1.101,1.099,1.1098461001818902,410,EURUSD
1786683556,1.0865457135860574,1.101,1.099,1.0893243445448213,686,USDJPY
1786683556,1.0999898237384702,1.101,1.099,1.0859397367800028,437,GBPUSD
1786683556,1.106428227562207,1.101,1.099,1.1109896966851582,175,EURUSD
1786683556,1.1006556115738473,1.101,1.099,1.1016118639882242,910,XAUUSD
1786684456,1.0993209528141166,1.101,1.099,1.0841322295726166,935,GBPUSD
1786684456,1.0999017132884479,1.101,1.099,1.1022490526878501,331,XAUUSD
1786684456,1.085922829510897,1.101,1.099,1.090638455841363,682,USDJPY
1786684456,1.1075716530597188,1.101,1.099,1.1111037621826891,625,EURUSD
1786685356,1.0996776296779522,1.101,1.099,1.1020164257429843,323,XAUUSD
1786685356,1.09952716621292,1.101,1.099,1.0830367518385897,110,GBPUSD
1786685356,1.105950806359574,1.101,1.099,1.1106820819831056,867,EURUSD
1786685356,1.0844319989366347,1.101,1.099,1.0906381585274063,438,USDJPY
1786686256,1.1076455101131202,1.101,1.099,1.1125011617168636,252,EURUSD
1786686256,1.0842010658883143,1.101,1.099,1.0901056193778904,899,USDJPY
1786686256,1.0989489137724635,1.101,1.099,1.0997278364450547,422,XAUUSD
1786686256,1.0989413768616216,1.101,1.099,1.0819362159908155,519,GBPUSD
1786687156,1.100487894732127,1.101,1.099,1.0998232475306082,410,XAUUSD
1786687156,1.1063374460142148,1.101,1.099,1.1119096400412256,371,EURUSD
1786687156,1.098831111098142,1.101,1.099,1.0820939147444368,233,GBPUSD
1786687156,1.0846969884931563,1.101,1.099,1.0908817380343028,658,USDJPY
1786688056,1.085457796873805,1.101,1.099,1.0897628265289192,617,USDJPY
1786688056,1.1073092667006716,1.101,1.099,1.111002688849894,856,EURUSD
1786688056,1.0982159001357525,1.101,1.099,1.099717882714216,427,XAUUSD
1786688056,1.0977150560286906,1.101,1.099,1.0823470093031675,635,GBPUSD
1786688956,1.0962058620919888,1.101,1.099,1.0826099468307726,910,GBPUSD
1786688956,1.0978135702741394,1.101,1.099,1.09913785682172,879,XAUUSD
1786688956,1.1067201132713391,1.101,1.099,1.1102689571081104,127,EURUSD
1786688956,1.0857118948870457,1.101,1.099,1.090228258935439,262,USDJPY
1786689856,1.095016400986111,1.101,1.099,1.0993245681584425,814,XAUUSD
1786689856,1.0959954782923695,1.101,1.099,1.0836066357132033,578,GBPUSD
1786689856,1.085838332413738,1.101,1.099,1.091305531989827,556,USDJPY
1786689856,1.1041879920676272,1.101,1.099,1.1107733802781325,759,EURUSD
1786690756,1.1037274884020531,1.101,1.099,1.1097605916788504,701,EURUSD
1786690756,1.0865655222965702,1.101,1.099,1.0923700636411597,241,USDJPY
1786690756,1.0944941782606075,1.101,1.099,1.0840612837328332,269,GBPUSD
1786690756,1.0949601246985152,1.101,1.099,1.0991079806024275,604,XAUUSD
1786691656,1.086387926563741,1.101,1.099,1.0928888273912476,167,USDJPY
1786691656,1.1044123236231371,1.101,1.099,1.111288933106256,652,EURUSD
1786691656,1.0932125568907212,1.101,1.099,1.0996442228806935,393,XAUUSD
1786691656,1.0958861772143573,1.101,1.099,1.0846654639966973,785,GBPUSD
1786692556,1.103477232065769,1.101,1.099,1.1101843733067867,603,EURUSD
1786692556,1.0904902135397652,1.101,1.099,1.0990524314900625,726,XAUUSD
1786692556,1.0870512967487147,1.101,1.099,1.094089044601839,549,USDJPY
1786692556,1.0958428134917524,1.101,1.099,1.0859903734938756,337,GBPUSD
1786693456,1.094409634879662,1.101,1.099,1.0845056874233525,333,GBPUSD
1786693456,1.087244756956025,1.101,1.099,1.0943581511428915,847,USDJPY
1786693456,1.0897092202903083,1.101,1.099,1.1000956081778641,951,XAUUSD
1786693456,1.1026757530241527,1.101,1.099,1.109722390620493,503,EURUSD
1786694356,1.0946733178460675,1.101,1.099,1.0829326326564521,638,GBPUSD
1786694356,1.1023986533267471,1.101,1.099,1.1088155802133879,629,EURUSD
1786694356,1.0896538864640328,1.101,1.099,1.1015572388084327,756,XAUUSD
1786694356,1.0873766275133125,1.101,1.099,1.0948176637625517,771,USDJPY
1786695256,1.0883799264625649,1.101,1.099,1.103075147017157,643,XAUUSD
1786695256,1.0932714531639145,1.101,1.099,1.0808795721816173,499,GBPUSD
1786695256,1.088181632529744,1.101,1.099,1.093425671674378,826,USDJPY
1786695256,1.1036128466259632,1.101,1.099,1.109880764121482,845,EURUSD
1786696156,1.0873927964735088,1.101,1.099,1.1031475282406245,200,XAUUSD
1786696156,1.0877063428857532,1.101,1.099,1.0931819430518401,265,USDJPY
1786696156,1.0926422241282758,1.101,1.099,1.080797218137179,951,GBPUSD
1786696156,1.1042420301551161,1.101,1.099,1.1087086862298832,273,EURUSD
1786697056,1.0890513998690097,1.101,1.099,1.0926911661018122,445,USDJPY
1786697056,1.0862459316986448,1.101,1.099,1.1028664140064652,269,XAUUSD
1786697056,1.1055414375385606,1.101,1.099,1.1088538734688815,948,EURUSD
1786697056,1.093311686993012,1.101,1.099,1.0815484294048714,364,GBPUSD
1786697956,1.0852753705949454,1.101,1.099,1.1039844572062698,946,XAUUSD
1786697956,1.1065012066993505,1.101,1.099,1.1080417397130187,610,EURUSD
1786697956,1.0946218903777825,1.101,1.099,1.0802670588716041,188,GBPUSD
1786697956,1.088032423095503,1.101,1.099,1.0935659218978073,110,USDJPY
1786698856,1.094111294047477,1.101,1.099,1.0809510776617053,225,GBPUSD
1786698856,1.105535273735383,1.101,1.099,1.107665536527198,121,EURUSD
1786698856,1.0881318829093667,1.101,1.099,1.0908689590444807,343,USDJPY
1786698856,1.085295894142963,1.101,1.099,1.1033549335958193,828,XAUUSD
1786699756,1.1065890692212712,1.101,1.099,1.1062119100132637,676,EURUSD
1786699756,1.093145810527789,1.101,1.099,1.0814945263890439,590,GBPUSD
1786699756,1.0855096603078263,1.101,1.099,1.1037060544913442,907,XAUUSD
1786699756,1.0894737028796535,1.101,1.099,1.0917843761302777,179,USDJPY
1786700656,1.0899969648301853,1.101,1.099,1.0943073393526574,516,USDJPY
1786700656,1.0859553406447366,1.101,1.099,1.104507072847529,413,XAUUSD
1786700656,1.0937679537704021,1.101,1.099,1.0821676461596093,478,GBPUSD
1786700656,1.1068006260497705,1.101,1.099,1.1061561009064003,534,EURUSD
1786701556,1.0856377084397992,1.101,1.099,1.1046090761522678,834,XAUUSD
1786701556,1.1074151643153936,1.101,1.099,1.1077886779950856,780,EURUSD
1786701556,1.093539807266869,1.101,1.099,1.081562765486149,510,GBPUSD
1786701556,1.089418193608191,1.101,1.099,1.0931992407846185,804,USDJPY
1786702456,1.0911946650281015,1.101,1.099,1.0921942372211466,621,USDJPY
1786702456,1.093069673183935,1.101,1.099,1.0830555629623864,326,GBPUSD
1786702456,1.1080175519752715,1.101,1.099,1.1077974406228601,723,EURUSD
1786702456,1.0860562864602248,1.101,1.099,1.1051795908029678,667,XAUUSD
1786703356,1.093223730764376,1.101,1.099,1.0821893994811511,945,GBPUSD
1786703356,1.108726915638211,1.101,1.099,1.1082174664959281,996,EURUSD
1786703356,1.0864155574284395,1.101,1.099,1.1042170251368377,606,XAUUSD
1786703356,1.0906716252158792,1.101,1.099,1.0929345159354222,255,USDJPY
1786704256,1.1077496459204526,1.101,1.099,1.108670284335631,678,EURUSD
1786704256,1.0864789209141323,1.101,1.099,1.1054578508047144,386,XAUUSD
1786704256,1.0875168688608756,1.101,1.099,1.093581120484434,733,USDJPY
1786704256,1.0929340843237711,1.101,1.099,1.0827528176501877,835,GBPUSD
1786705156,1.0869349275240066,1.101,1.099,1.1048209575442105,528,XAUUSD
1786705156,1.1079867871783549,1.101,1.099,1.1099393326388494,465,EURUSD
1786705156,1.08814573026733,1.101,1.099,1.0944064978928565,747,USDJPY
1786705156,1.090542013285875,1.101,1.099,1.0825157153833942,437,GBPUSD
1786706056,1.0882891621768944,1.101,1.099,1.0928468588656988,107,USDJPY
1786706056,1.1081772048160612,1.101,1.099,1.111543858987303,477,EURUSD
1786706056,1.0911861308916055,1.101,1.099,1.0820960935277546,288,GBPUSD
1786706056,1.0854403070433016,1.101,1.099,1.1051979049050566,751,XAUUSD
1786706956,1.093139122578213,1.101,1.099,1.0844376853364943,533,GBPUSD
1786706956,1.0878381340739576,1.101,1.099,1.0922342145606954,289,USDJPY
1786706956,1.0855387740253997,1.101,1.099,1.1041851072977387,862,XAUUSD
1786706956,1.1090838950829423,1.101,1.099,1.11078533724731,405,EURUSD
1786707856,1.0881290035166056,1.101,1.099,1.09308661763284,994,USDJPY
1786707856,1.1082884380149336,1.101,1.099,1.1097016231108212,500,EURUSD
1786707856,1.0935835008974697,1.101,1.099,1.0837142749880417,200,GBPUSD
1786707856,1.0841300051383027,1.101,1.099,1.1043350656282844,490,XAUUSD
1786708756,1.1096780603188865,1.101,1.099,1.1115376790005596,563,EURUSD
1786708756,1.0877439063578178,1.101,1.099,1.0923334330008005,795,USDJPY
1786708756,1.0856992019456968,1.101,1.099,1.104460965534608,246,XAUUSD
1786708756,1.0942646181043805,1.101,1.099,1.0838428854317848,121,GBPUSD
1786709656,1.1096573196142923,1.101,1.099,1.1102706326263527,354,EURUSD
1786709656,1.089809791628117,1.101,1.099,1.0915191295152922,141,USDJPY
1786709656,1.0959933819462144,1.101,1.099,1.084278080999108,257,GBPUSD
1786709656,1.0848743029534647,1.101,1.099,1.1052259758610699,807,XAUUSD
1786710556,1.0868923311996794,1.101,1.099,1.1071495344916247,399,XAUUSD
1786710556,1.0952558332958473,1.101,1.099,1.084454013841447,432,GBPUSD
1786710556,1.0885127068924887,1.101,1.099,1.090056343587108,560,USDJPY
1786710556,1.1092415078417628,1.101,1.099,1.1098968396275601,953,EURUSD
1786711456,1.0943539731348315,1.101,1.099,1.085465587567405,796,GBPUSD
1786711456,1.1082460245892827,1.101,1.099,1.1105468902571956,659,EURUSD
1786711456,1.0877681789890117,1.101,1.099,1.1078872435011462,268,XAUUSD
1786711456,1.0895819956373394,1.101,1.099,1.0897414075905012,754,USDJPY
1786712356,1.0931769855656683,1.101,1.099,1.0869654156831583,781,GBPUSD
1786712356,1.0910817947358615,1.101,1.099,1.0900236658036973,362,USDJPY
1786712356,1.0879527748193965,1.101,1.099,1.1056947285903005,602,XAUUSD
1786712356,1.1098457374075101,1.101,1.099,1.1104762161367316,967,EURUSD
1786713256,1.0879271792801126,1.101,1.099,1.1080637635125787,750,XAUUSD
1786713256,1.1112777640243525,1.101,1.099,1.1109835733519349,213,EURUSD
1786713256,1.0906066424521121,1.101,1.099,1.0905374730203343,885,USDJPY
1786713256,1.0936358328288813,1.101,1.099,1.087788497257165,773,GBPUSD
1786714156,1.0935680462045947,1.101,1.099,1.0875635129572292,637,GBPUSD
1786714156,1.0913699153592018,1.101,1.099,1.0901858321404152,756,USDJPY
1786714156,1.0880748319555584,1.101,1.099,1.1088276705827769,734,XAUUSD
1786714156,1.1108123329242718,1.101,1.099,1.1107626383910552,170,EURUSD
1786715056,1.1100180664188766,1.101,1.099,1.1108049136894793,887,EURUSD
1786715056,1.0893823759810166,1.101,1.099,1.1106297048536036,662,XAUUSD
1786715056,1.0916099320326669,1.101,1.099,1.0910943759869147,481,USDJPY
1786715056,1.0943690709406515,1.101,1.099,1.086614382422665,913,GBPUSD
1786715956,1.0898454724421855,1.101,1.099,1.1091034357990452,825,XAUUSD
1786715956,1.1090922363435902,1.101,1.099,1.1115350490244533,144,EURUSD
1786715956,1.0919432783845413,1.101,1.099,1.0904454154814507,208,USDJPY
1786715956,1.0951419342634103,1.101,1.099,1.08714524443814,426,GBPUSD
1786716856,1.096206329631097,1.101,1.099,1.0875176541911722,479,GBPUSD
1786716856,1.0884919848345371,1.101,1.099,1.109187178689918,817,XAUUSD
1786716856,1.1087633773462073,1.101,1.099,1.1132393735294575,816,EURUSD
1786716856,1.0929443577819964,1.101,1.099,1.0913053585202976,352,USDJPY
1786717756,1.1084310997286126,1.101,1.099,1.1118447599963683,601,EURUSD
1786717756,1.0886092962464318,1.101,1.099,1.109735634965583,401,XAUUSD
1786717756,1.0931632523288735,1.101,1.099,1.090790634348437,444,USDJPY
1786717756,1.096405471220047,1.101,1.099,1.0881749591171543,602,GBPUSD
1786718656,1.0876846048340725,1.101,1.099,1.1086897517008114,905,XAUUSD
1786718656,1.0920658893672917,1.101,1.099,1.0901232002371353,159,USDJPY
1786718656,1.0963427288742258,1.101,1.099,1.0885415932641815,434,GBPUSD
1786718656,1.1085835936995092,1.101,1.099,1.1135131970932055,807,EURUSD
1786719556,1.0915086622890595,1.101,1.099,1.0892322708244397,507,USDJPY
1786719556,1.0956049399261567,1.101,1.099,1.0864186726643854,646,GBPUSD
1786719556,1.10860014844924,1.101,1.099,1.1133561366748403,626,EURUSD
1786719556,1.0890119525750304,1.101,1.099,1.1067111371590477,401,XAUUSD
1786720456,1.094003431068042,1.101,1.099,1.088882373071511,190,USDJPY
1786720456,1.0882384647346717,1.101,1.099,1.1055142413104784,290,XAUUSD
1786720456,1.1074763391892584,1.101,1.099,1.1138045883054846,598,EURUSD
1786720456,1.09553046534238,1.101,1.099,1.0867199894549209,915,GBPUSD
1786721356,1.105917011599063,1.101,1.099,1.1133022904980174,299,EURUSD
1786721356,1.09410309051758,1.101,1.099,1.0889950461228644,511,USDJPY
1786721356,1.089872556266068,1.101,1.099,1.1049213114580443,212,XAUUSD
1786721356,1.0981586013506621,1.101,1.099,1.0864447696994448,136,GBPUSD
1786722256,1.1061364737836141,1.101,1.099,1.1128497945375366,964,EURUSD
1786722256,1.092316979449751,1.101,1.099,1.0888308083332754,630,USDJPY
1786722256,1.099355364298872,1.101,1.099,1.0870114209275303,984,GBPUSD
1786722256,1.0883145604738764,1.101,1.099,1.1035258764811335,133,XAUUSD
1786723156,1.0889553877797244,1.101,1.099,1.1027131474342617,647,XAUUSD
1786723156,1.1073600856030106,1.101,1.099,1.112117987765075,108,EURUSD
1786723156,1.0974514379410476,1.101,1.099,1.087704418266672,568,GBPUSD
1786723156,1.0921869410441936,1.101,1.099,1.0879798522938284,444,USDJPY
1786724056,1.098141455807092,1.101,1.099,1.087048911983612,565,GBPUSD
1786724056,1.0891377009752974,1.101,1.099,1.102407241882005,926,XAUUSD
1786724056,1.1053981912236628,1.101,1.099,1.1117168052058974,245,EURUSD
1786724056,1.091296501315042,1.101,1.099,1.0869901439738803,838,USDJPY
1786724956,1.0924722949201169,1.101,1.099,1.0865396943606354,480,USDJPY
1786724956,1.098819048084845,1.101,1.099,1.087014729789831,751,GBPUSD
1786724956,1.0892653405757298,1.101,1.099,1.1034501352610389,328,XAUUSD
1786724956,1.1040753351242178,1.101,1.099,1.1118603659982933,421,EURUSD
1786725856,1.0933442045163932,1.101,1.099,1.0867942547306488,220,USDJPY
1786725856,1.099943091578933,1.101,1.099,1.0883641154128894,729,GBPUSD
1786725856,1.0872248860892837,1.101,1.099,1.103897633608799,777,XAUUSD
1786725856,1.1027224323863984,1.101,1.099,1.1123913346962206,997,EURUSD
1786726756,1.0874469944893705,1.101,1.099,1.1050304021109287,116,XAUUSD
1786726756,1.101529634148647,1.101,1.099,1.1132097677721884,715,EURUSD
1786726756,1.0930668004350856,1.101,1.099,1.0860053384900106,523,USDJPY
1786726756,1.0998834259023706,1.101,1.099,1.0887243700667455,441,GBPUSD
1786727656,1.1002904940855571,1.101,1.099,1.0884924045337225,444,GBPUSD
1786727656,1.0928718964531898,1.101,1.099,1.0857511142039633,849,USDJPY
1786727656,1.1004175743818698,1.101,1.099,1.1139848158330585,893,EURUSD
1786727656,1.0883531794775236,1.101,1.099,1.1059851181127596,557,XAUUSD
1786728556,1.0929280461299673,1.101,1.099,1.0870268301239856,445,USDJPY
1786728556,1.0997313773662738,1.101,1.099,1.1143522133487678,215,EURUSD
1786728556,1.0889342826455877,1.101,1.099,1.1064577511735711,907,XAUUSD
1786728556,1.099333948002461,1.101,1.099,1.0887367015018103,724,GBPUSD
1786729456,1.0986379983376908,1.101,1.099,1.1142732625247878,337,EURUSD
1786729456,1.0930120909046335,1.101,1.099,1.0859161999777525,475,USDJPY
1786729456,1.0990185738965277,1.101,1.099,1.0876047213214377,988,GBPUSD
1786729456,1.0881421592891585,1.101,1.099,1.1063897252718318,136,XAUUSD
1786730356,1.0933957344309515,1.101,1.099,1.0883830177420057,792,USDJPY
1786730356,1.0884552083679766,1.101,1.099,1.1063134542565616,455,XAUUSD
1786730356,1.0966850880054106,1.101,1.099,1.1131097931732412,796,EURUSD
1786730356,1.098845300557279,1.101,1.099,1.0867822713638176,869,GBPUSD
1786731256,1.088909950181603,1.101,1.099,1.1075242036220339,955,XAUUSD
1786731256,1.099878129464449,1.101,1.099,1.0857846365419936,736,GBPUSD
1786731256,1.0941310565110722,1.101,1.099,1.0876371042629795,648,USDJPY
1786731256,1.0973434284650057,1.101,1.099,1.1149581938578097,735,EURUSD
1786732156,1.0884137013605253,1.101,1.099,1.1085978920753594,136,XAUUSD
1786732156,1.0928620584194988,1.101,1.099,1.0869888854128664,879,USDJPY
1786732156,1.0981467006400731,1.101,1.099,1.1135850751536696,567,EURUSD
1786732156,1.1004288141193903,1.101,1.099,1.0868942175364837,629,GBPUSD
1786733056,1.0997073352511768,1.101,1.099,1.0871369196248697,356,GBPUSD
1786733056,1.0995702472699673,1.101,1.099,1.112853914662179,903,EURUSD
1786733056,1.0918337816146586,1.101,1.099,1.0865333243982132,168,USDJPY
1786733056,1.0876784000560995,1.101,1.099,1.1091610876706035,678,XAUUSD
1786733956,1.101268907326933,1.101,1.099,1.1121926664974664,296,EURUSD
1786733956,1.0987418855275009,1.101,1.099,1.0884103276375798,547,GBPUSD
1786733956,1.08730507831731,1.101,1.099,1.1076979551804538,778,XAUUSD
1786733956,1.0903988343656907,1.101,1.099,1.0859372940557426,986,USDJPY
1786734856,1.0889688554725627,1.101,1.099,1.0849228985527277,621,USDJPY
1786734856,1.0867352309970146,1.101,1.099,1.1070488606446436,194,XAUUSD
1786734856,1.1016621713602406,1.101,1.099,1.1113435359145538,793,EURUSD
1786734856,1.0986776145002615,1.101,1.099,1.0891769059423897,692,GBPUSD
1786735756,1.0994670996087081,1.101,1.099,1.088220965291679,437,GBPUSD
1786735756,1.1021611976383694,1.101,1.099,1.110501281243575,498,EURUSD
1786735756,1.0876050803847663,1.101,1.099,1.1067430450619222,630,XAUUSD
1786735756,1.089054553974346,1.101,1.099,1.085524935178305,716,USDJPY
1786736656,1.1020073274119078,1.101,1.099,1.108703821438729,857,EURUSD
1786736656,1.0977659992354292,1.101,1.099,1.0869927699778865,275,GBPUSD
1786736656,1.0899785952452066,1.101,1.099,1.086274111547093,394,USDJPY
1786736656,1.0867975394620948,1.101,1.099,1.1087705063388713,759,XAUUSD
1786737556,1.0981656383026737,1.101,1.099,1.0875006770978524,918,GBPUSD
1786737556,1.0876274868035705,1.101,1.099,1.1077990479860336,210,XAUUSD
1786737556,1.1037375129716993,1.101,1.099,1.1094480336905115,442,EURUSD
1786737556,1.0911530397551763,1.101,1.099,1.0879749775754588,609,USDJPY
1786738456,1.1020198648815798,1.101,1.099,1.1088418351885128,332,EURUSD
1786738456,1.0907245135705885,1.101,1.099,1.0892618027318595,162,USDJPY
1786738456,1.0854980462294679,1.101,1.099,1.1076349058225794,905,XAUUSD
1786738456,1.0968908064610108,1.101,1.099,1.0871340497560162,692,GBPUSD
1786739356,1.0975791085817699,1.101,1.099,1.0877304958188236,207,GBPUSD
1786739356,1.0862504653046263,1.101,1.099,1.1064980570795924,207,XAUUSD
1786739356,1.090663312573813,1.101,1.099,1.0883673522816701,704,USDJPY
1786739356,1.1011132310288916,1.101,1.099,1.1075360311220634,312,EURUSD
1786740256,1.0983575910089987,1.101,1.099,1.088238723279722,661,GBPUSD
1786740256,1.102577344611624,1.101,1.099,1.10769705467205,752,EURUSD
1786740256,1.0919945124943833,1.101,1.099,1.0878018714033115,470,USDJPY
1786740256,1.0845942058503824,1.101,1.099,1.1063618326473583,377,XAUUSD
1786741156,1.0987011495387335,1.101,1.099,1.0878534846169476,332,GBPUSD
1786741156,1.1029440978704985,1.101,1.099,1.1065192930367467,110,EURUSD
1786741156,1.0872674446337371,1.101,1.099,1.1055657914493753,967,XAUUSD
1786741156,1.0933213761564484,1.101,1.099,1.0883027301177823,370,USDJPY
1786742056,1.1037997737964251,1.101,1.099,1.105904042012324,450,EURUSD
1786742056,1.0866331756797145,1.101,1.099,1.1052953027886865,683,XAUUSD
1786742056,1.0940143599145973,1.101,1.099,1.0876997938029116,243,USDJPY
1786742056,1.0992165454194294,1.101,1.099,1.0884782079683681,171,GBPUSD
1786742956,1.1008035238765406,1.101,1.099,1.0893081719855044,582,GBPUSD
1786742956,1.0933894027890927,1.101,1.099,1.0876358832761883,968,USDJPY
1786742956,1.0860849383319424,1.101,1.099,1.104418834322204,412,XAUUSD
1786742956,1.1036215486815735,1.101,1.099,1.1060220856127922,519,EURUSD
1786743856,1.1029986556038889,1.101,1.099,1.1084167049431313,605,EURUSD
1786743856,1.0848370709869817,1.101,1.099,1.106192625704018,429,XAUUSD
1786743856,1.0939329493877075,1.101,1.099,1.087852227013136,162,USDJPY
1786743856,1.100043867356827,1.101,1.099,1.0869579137620504,411,GBPUSD
1786744756,1.0995961030734174,1.101,1.099,1.0853680994616386,528,GBPUSD
1786744756,1.0935465531698736,1.101,1.099,1.087725093259426,440,USDJPY
1786744756,1.0837320032493767,1.101,1.099,1.104183186515594,283,XAUUSD
1786744756,1.1031784968439409,1.101,1.099,1.1071876266863754,626,EURUSD
1786745656,1.1002615990865998,1.101,1.099,1.0850773355050671,673,GBPUSD
1786745656,1.082764602011067,1.101,1.099,1.1055110636104386,224,XAUUSD
1786745656,1.1034227113869368,1.101,1.099,1.1088504943950135,972,EURUSD
1786745656,1.094851868145481,1.101,1.099,1.0881316659522757,959,USDJPY
1786746556,1.1045531521788066,1.101,1.099,1.1084977207115123,312,EURUSD
1786746556,1.096037422163622,1.101,1.099,1.08730660425335,236,USDJPY
1786746556,1.1000289929531846,1.101,1.099,1.0853083782498099,290,GBPUSD
1786746556,1.0818692820413853,1.101,1.099,1.1049085074326805,255,XAUUSD
1786747456,1.102864938735794,1.101,1.099,1.1099359935316262,605,EURUSD
1786747456,1.0971785108478012,1.101,1.099,1.0872066108030323,419,USDJPY
1786747456,1.0820934805240843,1.101,1.099,1.1043980297091192,580,XAUUSD
1786747456,1.1000792939299306,1.101,1.099,1.0856718833885315,327,GBPUSD
1786748356,1.0838990165421951,1.101,1.099,1.1054591713891977,615,XAUUSD
1786748356,1.1018743991953928,1.101,1.099,1.1099206785201121,987,EURUSD
1786748356,1.1016910019087487,1.101,1.099,1.0854839500905038,742,GBPUSD
1786748356,1.0957549678630576,1.101,1.099,1.088781564716958,184,USDJPY
1786749256,1.1034585974573563,1.101,1.099,1.1094512205242193,192,EURUSD
1786749256,1.0961463253914943,1.101,1.099,1.088068497991096,219,USDJPY
1786749256,1.083703419125186,1.101,1.099,1.105183556537905,122,XAUUSD
1786749256,1.1014744040182065,1.101,1.099,1.0853778587638123,362,GBPUSD
1786750156,1.0830778142067543,1.101,1.099,1.1053901512398112,322,XAUUSD
1786750156,1.1006154511281085,1.101,1.099,1.0861496538293944,485,GBPUSD
1786750156,1.0961456540335626,1.101,1.099,1.0869586059599645,466,USDJPY
1786750156,1.1040496041495627,1.101,1.099,1.1096324640046136,693,EURUSD
1786751056,1.1002580097658146,1.101,1.099,1.0849155755728384,463,GBPUSD
1786751056,1.0950598531774065,1.101,1.099,1.086656583239248,973,USDJPY
1786751056,1.1022980277590053,1.101,1.099,1.1098001323141948,915,EURUSD
1786751056,1.0839465857741333,1.101,1.099,1.1048470629778284,448,XAUUSD
1786751956,1.0840071888414584,1.101,1.099,1.105612712324856,474,XAUUSD
1786751956,1.102118072452692,1.101,1.099,1.1073125256211886,938,EURUSD
1786751956,1.09388660663092,1.101,1.099,1.085360887051338,863,USDJPY
1786751956,1.1006576788975835,1.101,1.099,1.085016721484872,581,GBPUSD
1786752856,1.1034043466851782,1.101,1.099,1.1086739777833796,836,EURUSD
1786752856,1.100271504912254,1.101,1.099,1.085203630050695,755,GBPUSD
1786752856,1.0939544143242284,1.101,1.099,1.0853638666252,481,USDJPY
1786752856,1.0822954301838574,1.101,1.099,1.1056905473772274,809,XAUUSD
1786753756,1.0998956480177353,1.101,1.099,1.0838596661219533,524,GBPUSD
1786753756,1.0936273076283356,1.101,1.099,1.086442795835219,370,USDJPY
1786753756,1.0813007723890447,1.101,1.099,1.106839924060855,381,XAUUSD
1786753756,1.1048113530005361,1.101,1.099,1.1078386910624085,593,EURUSD
1786754656,1.0999699747893328,1.101,1.099,1.0836462701449727,736,GBPUSD
1786754656,1.0956507247826992,1.101,1.099,1.0864167553316257,770,USDJPY
1786754656,1.1045944815823026,1.101,1.099,1.1088811911404404,504,EURUSD
1786754656,1.082697534251152,1.101,1.099,1.1057279940371412,309,XAUUSD
1786755556,1.100284026765414,1.101,1.099,1.0844431421315621,222,GBPUSD
1786755556,1.0826076711621682,1.101,1.099,1.1059378762636358,932,XAUUSD
1786755556,1.1075277410148876,1.101,1.099,1.1077678853630784,595,EURUSD
1786755556,1.0960693928252245,1.101,1.099,1.0845367244024429,273,USDJPY
1786756456,1.0829625926424724,1.101,1.099,1.1055360487578185,551,XAUUSD
1786756456,1.0950914227058923,1.101,1.099,1.086062806183007,487,USDJPY
1786756456,1.1073496036418404,1.101,1.099,1.1074636288127906,959,EURUSD
1786756456,1.0991589315475914,1.101,1.099,1.0851279446311572,657,GBPUSD
1786757356,1.108020748536379,1.101,1.099,1.1051610046977343,944,EURUSD
1786757356,1.0933942710163018,1.101,1.099,1.0855670874190149,902,USDJPY
1786757356,1.082652824657424,1.101,1.099,1.1076768060806574,801,XAUUSD
1786757356,1.0980977921830144,1.101,1.099,1.0863608906881006,283,GBPUSD
1786758256,1.0964183889478085,1.101,1.099,1.0862446036490436,167,GBPUSD
1786758256,1.1099212704437185,1.101,1.099,1.1047809357954987,853,EURUSD
1786758256,1.0823853447015324,1.101,1.099,1.1072584208473246,447,XAUUSD
1786758256,1.092223776612229,1.101,1.099,1.0853548943412428,350,USDJPY
1786759156,1.10977237741718,1.101,1.099,1.1056471544091713,403,EURUSD
1786759156,1.0847423720536324,1.101,1.099,1.1067451281589495,232,XAUUSD
1786759156,1.0918023434011563,1.101,1.099,1.086007174804935,768,USDJPY
1786759156,1.0953908825818597,1.101,1.099,1.0864871675706995,304,GBPUSD
1786760056,1.093098462730032,1.101,1.099,1.0862683946364804,288,USDJPY
1786760056,1.0959557548214345,1.101,1.099,1.086265689651592,171,GBPUSD
1786760056,1.110314299502694,1.101,1.099,1.1052371944474528,823,EURUSD
1786760056,1.0845691636741248,1.101,1.099,1.107802611642692,603,XAUUSD
1786760956,1.1088708054361505,1.101,1.099,1.1048316459435807,530,EURUSD
1786760956,1.090995073147463,1.101,1.099,1.0857627184238583,704,USDJPY
1786760956,1.08554400375129,1.101,1.099,1.1094407248702638,619,XAUUSD
1786760956,1.097911512663422,1.101,1.099,1.0852419397159219,935,GBPUSD
1786761856,1.0900872860292832,1.101,1.099,1.0857525378746609,290,USDJPY
1786761856,1.1079494798564382,1.101,1.099,1.1060630616981786,134,EURUSD
1786761856,1.0967929136319081,1.101,1.099,1.0846673413018673,997,GBPUSD
1786761856,1.0850395144754064,1.101,1.099,1.1100413262046578,313,XAUUSD
1786762756,1.1082505715410826,1.101,1.099,1.1052849656933756,244,EURUSD
1786762756,1.0850662527601518,1.101,1.099,1.1101310551998655,412,XAUUSD
1786762756,1.093022684519274,1.101,1.099,1.0848056409522233,462,USDJPY
1786762756,1.098022248737652,1.101,1.099,1.085026386297355,349,GBPUSD
1786763656,1.0930135229212887,1.101,1.099,1.0844427645696075,521,USDJPY
1786763656,1.097891686912634,1.101,1.099,1.0843691586669086,526,GBPUSD
1786763656,1.1070182791322085,1.101,1.099,1.1045367624841906,288,EURUSD
1786763656,1.0855995993324352,1.101,1.099,1.1113116948192572,130,XAUUSD
1786764556,1.106293174049734,1.101,1.099,1.1058565411753705,590,EURUSD
1786764556,1.0931745377069615,1.101,1.099,1.0848154813873876,228,USDJPY
1786764556,1.0851147432388764,1.101,1.099,1.1117528358634912,837,XAUUSD
1786764556,1.0997493883094605,1.101,1.099,1.0857146287230424,200,GBPUSD
1786765456,1.1014056206964873,1.101,1.099,1.0866128523965177,111,GBPUSD
1786765456,1.0910688041117338,1.101,1.099,1.084451183057507,295,USDJPY
1786765456,1.085260556197077,1.101,1.099,1.1103904793588235,650,XAUUSD
1786765456,1.1067139914862194,1.101,1.099,1.1063737982897734,437,EURUSD
1786766356,1.0914175321665234,1.101,1.099,1.084196311102311,609,USDJPY
1786766356,1.1013530345320377,1.101,1.099,1.0869119325731742,325,GBPUSD
1786766356,1.105649995857561,1.101,1.099,1.107338741203559,131,EURUSD
1786766356,1.084299774104545,1.101,1.099,1.1111447190903414,206,XAUUSD
1786767256,1.1064835526467576,1.101,1.099,1.1076882956062537,869,EURUSD
1786767256,1.0829768525873928,1.101,1.099,1.110411562996111,318,XAUUSD
1786767256,1.0929262217284224,1.101,1.099,1.0839377927051608,210,USDJPY
1786767256,1.103013289413571,1.101,1.099,1.0859242005276053,410,GBPUSD
1786768156,1.106714361496512,1.101,1.099,1.1074657828155605,823,EURUSD
1786768156,1.0844139344648904,1.101,1.099,1.1096760223313038,674,XAUUSD
1786768156,1.1023778959906603,1.101,1.099,1.0839093061033094,774,GBPUSD
1786768156,1.0913321697579592,1.101,1.099,1.08348709613736,877,USDJPY
1786769056,1.1060423722343091,1.101,1.099,1.1106459517899878,987,EURUSD
1786769056,1.0849494329170655,1.101,1.099,1.109371807200425,168,XAUUSD
1786769056,1.1037390978585804,1.101,1.099,1.0848339003125007,827,GBPUSD
1786769056,1.0918009674261955,1.101,1.099,1.082598609285288,972,USDJPY
1786769956,1.1061605691592198,1.101,1.099,1.1105040568335354,471,EURUSD
1786769956,1.0831291541318224,1.101,1.099,1.1099744776053686,553,XAUUSD
1786769956,1.0908272636783607,1.101,1.099,1.0822948757060957,183,USDJPY
1786769956,1.1023983498768832,1.101,1.099,1.0849805705444548,146,GBPUSD
1786770856,1.0909940785116783,1.101,1.099,1.0825384446068935,315,USDJPY
1786770856,1.105150338313052,1.101,1.099,1.1113081414507662,291,EURUSD
1786770856,1.101742183384188,1.101,1.099,1.0842680616007705,846,GBPUSD
1786770856,1.08217276048938,1.101,1.099,1.111095957600515,540,XAUUSD
1786771756,1.092027510593497,1.101,1.099,1.0807929641583889,786,USDJPY
1786771756,1.1020407252496993,1.101,1.099,1.0852113919291306,998,GBPUSD
1786771756,1.0825648788300255,1.101,1.099,1.1127766549294345,412,XAUUSD
1786771756,1.1070627767592078,1.101,1.099,1.1105214865469828,390,EURUSD
1786772656,1.0827884849033682,1.101,1.099,1.1125717416437693,781,XAUUSD
1786772656,1.0913760946217588,1.101,1.099,1.0792094619169508,349,USDJPY
1786772656,1.099818091306648,1.101,1.099,1.0868483210552207,417,GBPUSD
1786772656,1.1072861346271516,1.101,1.099,1.110743736089298,393,EURUSD
1786773556,1.100398996137407,1.101,1.099,1.0859981919479098,955,GBPUSD
1786773556,1.1072702772661982,1.101,1.099,1.1099368294669956,569,EURUSD
1786773556,1.0831314933066967,1.101,1.099,1.113289002774938,230,XAUUSD
1786773556,1.0910659612382485,1.101,1.099,1.0796434843314564,833,USDJPY
1786774456,1.0899621004793427,1.101,1.099,1.079947088813672,118,USDJPY
1786774456,1.1008050605732085,1.101,1.099,1.0850982247667242,972,GBPUSD
1786774456,1.1091210246272944,1.101,1.099,1.10952679649238,785,EURUSD
1786774456,1.0836235605515308,1.101,1.099,1.1136559731807574,488,XAUUSD
1786775356,1.1010235018029184,1.101,1.099,1.0843504321380373,385,GBPUSD
1786775356,1.090469551903803,1.101,1.099,1.0777154028355072,698,USDJPY
1786775356,1.1084810870782558,1.101,1.099,1.110173105750659,583,EURUSD
1786775356,1.0843077973205122,1.101,1.099,1.1136041587001209,250,XAUUSD
1786776256,1.0898483205732155,1.101,1.099,1.0762714579850456,278,USDJPY
1786776256,1.101556001538842,1.101,1.099,1.0841406504677278,407,GBPUSD
1786776256,1.0847161710881101,1.101,1.099,1.1145458053586657,218,XAUUSD
1786776256,1.1091583397542726,1.101,1.099,1.108750985160182,365,EURUSD
1786777156,1.1009378288925795,1.101,1.099,1.0834863733768116,240,GBPUSD
1786777156,1.0908664022603294,1.101,1.099,1.075894546401732,253,USDJPY
1786777156,1.0855532151712841,1.101,1.099,1.1154646995761135,251,XAUUSD
1786777156,1.1091986858504834,1.101,1.099,1.1069780882384488,877,EURUSD
1786778056,1.084051363289512,1.101,1.099,1.115584652472946,762,XAUUSD
1786778056,1.0901031780476158,1.101,1.099,1.0762062076954015,515,USDJPY
1786778056,1.0997521218064152,1.101,1.099,1.0811394909897472,667,GBPUSD
1786778056,1.1085319244418983,1.101,1.099,1.1052916244209392,688,EURUSD
1786778956,1.0903086246687523,1.101,1.099,1.076449065652256,593,USDJPY
1786778956,1.1085019641026512,1.101,1.099,1.1063444715657136,370,EURUSD
1786778956,1.0992846706697978,1.101,1.099,1.0821222689904717,333,GBPUSD
1786778956,1.0829237896643813,1.101,1.099,1.115795919938248,401,XAUUSD
1786779856,1.1004589631880712,1.101,1.099,1.0814928688807746,623,GBPUSD
1786779856,1.090606699592595,1.101,1.099,1.075102969791414,403,USDJPY
1786779856,1.0821961379683418,1.101,1.099,1.1167559286310804,238,XAUUSD
1786779856,1.107922718196205,1.101,1.099,1.107525853931016,731,EURUSD
1786780756,1.0921309776412156,1.101,1.099,1.075340329255254,214,USDJPY
1786780756,1.1011465952355046,1.101,1.099,1.0818329254492585,348,GBPUSD
1786780756,1.1068081752239234,1.101,1.099,1.1071300421404373,985,EURUSD
1786780756,1.0828519112919655,1.101,1.099,1.1163868483269144,627,XAUUSD
1786781656,1.1061704142276787,1.101,1.099,1.1081162742185873,866,EURUSD
1786781656,1.0836765946132851,1.101,1.099,1.1165666457855379,949,XAUUSD
1786781656,1.1001196106822535,1.101,1.099,1.0836379344998932,602,GBPUSD
1786781656,1.0939586558645296,1.101,1.099,1.0756949807575586,433,USDJPY
1786782556,1.1001328470919962,1.101,1.099,1.0833280188174814,876,GBPUSD
1786782556,1.0940658162035455,1.101,1.099,1.0764847157078619,564,USDJPY
1786782556,1.085936768173882,1.101,1.099,1.1159370113333245,453,XAUUSD
1786782556,1.1067609755813823,1.101,1.099,1.1085696467610278,506,EURUSD
1786783456,1.0858497118572938,1.101,1.099,1.1174666837451042,489,XAUUSD
1786783456,1.0946004233814388,1.101,1.099,1.0764308472474873,713,USDJPY
1786783456,1.1068078655409852,1.101,1.099,1.1076996393550014,636,EURUSD
1786783456,1.098599870642712,1.101,1.099,1.0820336306317608,778,GBPUSD
1786784356,1.1065198340068674,1.101,1.099,1.107581210917186,614,EURUSD
1786784356,1.0980726284916116,1.101,1.099,1.0821489255457448,887,GBPUSD
1786784356,1.0941907298608644,1.101,1.099,1.0768915581011789,246,USDJPY
1786784356,1.0865194719088003,1.101,1.099,1.117617871857279,477,XAUUSD
1786785256,1.0873664486092878,1.101,1.099,1.1188584147189498,947,XAUUSD
1786785256,1.0934425500876648,1.101,1.099,1.0759056062404182,157,USDJPY
1786785256,1.0973948855280922,1.101,1.099,1.082657375584254,853,GBPUSD
1786785256,1.1055496669451514,1.101,1.099,1.1077880724401732,896,EURUSD
1786786156,1.0937398512524699,1.101,1.099,1.077377513066462,589,USDJPY
1786786156,1.0866924203061887,1.101,1.099,1.118872332396653,788,XAUUSD
1786786156,1.105029696181442,1.101,1.099,1.1088041094165217,976,EURUSD
1786786156,1.0996816314577305,1.101,1.099,1.0831062880477766,174,GBPUSD
1786787056,1.1036602623790435,1.101,1.099,1.1087005285056653,365,EURUSD
1786787056,1.0982602413449272,1.101,1.099,1.0841585140381171,705,GBPUSD
1786787056,1.0943693601955002,1.101,1.099,1.077859024454919,727,USDJPY
1786787056,1.0874657388313376,1.101,1.099,1.1199089772752784,938,XAUUSD
1786787956,1.0893526670409859,1.101,1.099,1.119137853361716,697,XAUUSD
1786787956,1.1028515840189244,1.101,1.099,1.1070560022508413,750,EURUSD
1786787956,1.0939888914167861,1.101,1.099,1.0792656868837787,265,USDJPY
1786787956,1.09865200024946,1.101,1.099,1.0848824878382102,624,GBPUSD
1786788856,1.1034137060389886,1.101,1.099,1.1070806679851772,255,EURUSD
1786788856,1.0949062638669553,1.101,1.099,1.0817567520033917,835,USDJPY
1786788856,1.090135749702573,1.101,1.099,1.1176829901650973,845,XAUUSD
1786788856,1.097927075783732,1.101,1.099,1.0845128987737196,971,GBPUSD
1786789756,1.09630114661753,1.101,1.099,1.0828019341683583,533,USDJPY
1786789756,1.0920391285647504,1.101,1.099,1.1175103764171983,618,XAUUSD
1786789756,1.0969836904264347,1.101,1.099,1.0852385964623292,231,GBPUSD
1786789756,1.1033967952967936,1.101,1.099,1.1086067037856617,608,EURUSD
1786790656,1.0929066861419212,1.101,1.099,1.1175684147771947,339,XAUUSD
1786790656,1.09728714237101,1.101,1.099,1.083533848981903,459,GBPUSD
1786790656,1.1038796627887428,1.101,1.099,1.108223471255304,779,EURUSD
1786790656,1.0948226838393946,1.101,1.099,1.0820414514887455,747,USDJPY
1786791556,1.0928729207154724,1.101,1.099,1.1202532982235804,910,XAUUSD
1786791556,1.1034238521368642,1.101,1.099,1.1085126585074434,713,EURUSD
1786791556,1.0938783347415089,1.101,1.099,1.0805693267095975,236,USDJPY
1786791556,1.0989502364950898,1.101,1.099,1.0827822073649813,831,GBPUSD
1786792456,1.1029513556553627,1.101,1.099,1.1083459929415433,347,EURUSD
1786792456,1.1007096394686982,1.101,1.099,1.082100062551412,116,GBPUSD
1786792456,1.0922137449997202,1.101,1.099,1.1201985130459902,679,XAUUSD
1786792456,1.0938685446255683,1.101,1.099,1.0791673238923343,594,USDJPY
1786793356,1.0934171932296122,1.101,1.099,1.1191015317842943,952,XAUUSD
1786793356,1.0947662261611746,1.101,1.099,1.0776401707244065,946,USDJPY
1786793356,1.100703613624769,1.101,1.099,1.0833222557699895,970,GBPUSD
1786793356,1.1019913204588145,1.101,1.099,1.1090402406888653,151,EURUSD
1786794256,1.094685681819481,1.101,1.099,1.076645496743827,567,USDJPY
1786794256,1.101270219325725,1.101,1.099,1.0834930623489514,479,GBPUSD
1786794256,1.0930402143085838,1.101,1.099,1.1180031227792337,192,XAUUSD
1786794256,1.101113183109819,1.101,1.099,1.1107064507618252,269,EURUSD
1786795156,1.0937409768674402,1.101,1.099,1.0754415229676046,457,USDJPY
1786795156,1.100900115671679,1.101,1.099,1.1095774593835412,244,EURUSD
1786795156,1.1026337144105494,1.101,1.099,1.0822720822335017,566,GBPUSD
1786795156,1.092023142801533,1.101,1.099,1.1173393734195083,628,XAUUSD
1786796056,1.0919625640894053,1.101,1.099,1.118368574836899,942,XAUUSD
1786796056,1.0935367097059512,1.101,1.099,1.0755619647506265,139,USDJPY
1786796056,1.1008564880268368,1.101,1.099,1.1091459792528924,354,EURUSD
1786796056,1.1029376672366729,1.101,1.099,1.0819068847564308,414,GBPUSD
1786796956,1.1016039767879509,1.101,1.099,1.11018119201639,767,EURUSD
1786796956,1.0918319041790208,1.101,1.099,1.1183904065780443,591,XAUUSD
1786796956,1.0941062197036848,1.101,1.099,1.073572989550657,228,USDJPY
1786796956,1.103273286378416,1.101,1.099,1.0811473046578512,497,GBPUSD
1786797856,1.1034290518325902,1.101,1.099,1.0825022740815864,127,GBPUSD
1786797856,1.1023869211558965,1.101,1.099,1.1121603133348417,439,EURUSD
1786797856,1.0937551282307876,1.101,1.099,1.0730674171663535,111,USDJPY
1786797856,1.0927248460848633,1.101,1.099,1.1186482633912118,974,XAUUSD
1786798756,1.0949571877845732,1.101,1.099,1.0723661551822121,190,USDJPY
1786798756,1.093030622464418,1.101,1.099,1.1176444411142508,139,XAUUSD
1786798756,1.1023267059343722,1.101,1.099,1.0842327967924554,989,GBPUSD
1786798756,1.1020909350873367,1.101,1.099,1.1113875408820204,683,EURUSD
1786799656,1.1018454145241414,1.101,1.099,1.0843985197744077,787,GBPUSD
1786799656,1.1033831337875546,1.101,1.099,1.1128998744233827,700,EURUSD
1786799656,1.0956142950883052,1.101,1.099,1.072027814607008,505,USDJPY
1786799656,1.0922236593958803,1.101,1.099,1.1144753329829349,810,XAUUSD
1786800556,1.102211845442901,1.101,1.099,1.1136054053039623,799,EURUSD
1786800556,1.097184026632444,1.101,1.099,1.0736128890375096,222,USDJPY
1786800556,1.1024243675072385,1.101,1.099,1.0846631604518613,982,GBPUSD
1786800556,1.0908045534375366,1.101,1.099,1.1168310089626439,576,XAUUSD
1786801456,1.0990480410835288,1.101,1.099,1.0720661791491897,810,USDJPY
1786801456,1.0896803505778947,1.101,1.099,1.1168029853951325,378,XAUUSD
1786801456,1.1001302867251135,1.101,1.099,1.1128803119423916,462,EURUSD
1786801456,1.1049110130285111,1.101,1.099,1.084766503855499,446,GBPUSD
1786802356,1.1037400331382237,1.101,1.099,1.085194584007598,109,GBPUSD
1786802356,1.0874906376677536,1.101,1.099,1.1180998469316195,209,XAUUSD
1786802356,1.099052627994478,1.101,1.099,1.0719541691273369,359,USDJPY
1786802356,1.1004961625908063,1.101,1.099,1.111906750225806,441,EURUSD
1786803256,1.1029284589869761,1.101,1.099,1.085006977664731,641,GBPUSD
1786803256,1.0875368680548811,1.101,1.099,1.1183106325664047,127,XAUUSD
1786803256,1.0996291017828186,1.101,1.099,1.1122660778658116,416,EURUSD
1786803256,1.1004513840684578,1.101,1.099,1.0703590598704515,110,USDJPY
1786804156,1.0872923079797912,1.101,1.099,1.1180054569370028,930,XAUUSD
1786804156,1.1030561984558713,1.101,1.099,1.0845576049611076,929,GBPUSD
1786804156,1.0999900031373329,1.101,1.099,1.0722452456217675,747,USDJPY
1786804156,1.1028879087091288,1.101,1.099,1.1127468978228623,273,EURUSD
1786805056,1.1004348103822703,1.101,1.099,1.0843599737742258,990,GBPUSD
1786805056,1.086266795712364,1.101,1.099,1.1178185187976655,905,XAUUSD
1786805056,1.1026428827362906,1.101,1.099,1.111184080858572,802,EURUSD
1786805056,1.0990347411034356,1.101,1.099,1.072610034558634,483,USDJPY
1786805956,1.0997337591536958,1.101,1.099,1.0838989816009623,889,GBPUSD
1786805956,1.1037636318394946,1.101,1.099,1.1090318133552208,650,EURUSD
1786805956,1.0876827952481416,1.101,1.099,1.1190073445610973,828,XAUUSD
1786805956,1.0986271230474045,1.101,1.099,1.0733810182589654,331,USDJPY
1786806856,1.1059036644505358,1.101,1.099,1.1096218913548714,313,EURUSD
1786806856,1.1008111090719113,1.101,1.099,1.0733644757133975,150,USDJPY
1786806856,1.087427947407279,1.101,1.099,1.1199936239655561,312,XAUUSD
1786806856,1.0991498272162419,1.101,1.099,1.0833960423269666,767,GBPUSD
1786807756,1.0879719179601737,1.101,1.099,1.1193569737436955,535,XAUUSD
1786807756,1.1007559273843743,1.101,1.099,1.0734290482871534,453,USDJPY
1786807756,1.0995107520286476,1.101,1.099,1.0851704840139087,807,GBPUSD
1786807756,1.1080587263219408,1.101,1.099,1.1084590540211587,923,EURUSD
1786808656,1.1003090113467668,1.101,1.099,1.073632243577301,540,USDJPY
1786808656,1.0887349563821032,1.101,1.099,1.1196920967520376,334,XAUUSD
1786808656,1.1089819675582169,1.101,1.099,1.106848342273197,171,EURUSD
1786808656,1.1009457658386876,1.101,1.099,1.0852891587850009,691,GBPUSD
1786809556,1.1089922053450958,1.101,1.099,1.1067186212504778,415,EURUSD
1786809556,1.100525774438191,1.101,1.099,1.0722061747424632,212,USDJPY
1786809556,1.0883179528107763,1.101,1.099,1.1194923159242989,356,XAUUSD
1786809556,1.101333948545742,1.101,1.099,1.0848328316384397,857,GBPUSD
1786810456,1.0987184338968492,1.101,1.099,1.0726118578547557,818,USDJPY
1786810456,1.1077337730131014,1.101,1.099,1.10723717280194,830,EURUSD
1786810456,1.102870652881703,1.101,1.099,1.0847184921028243,762,GBPUSD
1786810456,1.086294848825111,1.101,1.099,1.1192626012925546,485,XAUUSD
1786811356,1.0869535777508652,1.101,1.099,1.1200482675569303,799,XAUUSD
1786811356,1.1033613978629924,1.101,1.099,1.0845564392855567,771,GBPUSD
1786811356,1.099461987201044,1.101,1.099,1.0728170159585722,239,USDJPY
1786811356,1.1072636923237076,1.101,1.099,1.1075664234621014,347,EURUSD
1786812256,1.1004818812416264,1.101,1.099,1.0737546366083697,359,USDJPY
1786812256,1.104297263383266,1.101,1.099,1.082292874994896,280,GBPUSD
1786812256,1.0866737306637495,1.101,1.099,1.1189229726268075,496,XAUUSD
1786812256,1.1058989214453212,1.101,1.099,1.1072160034244343,263,EURUSD
1786813156,1.1053837691313682,1.101,1.099,1.0816375831983478,665,GBPUSD
1786813156,1.1048840873285326,1.101,1.099,1.1066988148112389,736,EURUSD
1786813156,1.1005370159986967,1.101,1.099,1.0734301478051511,811,USDJPY
1786813156,1.0867927633076908,1.101,1.099,1.1187541062890294,982,XAUUSD
1786814056,1.1013290721175786,1.101,1.099,1.0731667180448243,362,USDJPY
1786814056,1.1046220454014755,1.101,1.099,1.0812457446563346,602,GBPUSD
1786814056,1.0871740817313684,1.101,1.099,1.1180490012929731,485,XAUUSD
1786814056,1.1060468666802545,1.101,1.099,1.107213828995867,598,EURUSD
1786814956,1.0856552878166008,1.101,1.099,1.1205251881229763,779,XAUUSD
1786814956,1.101727674538933,1.101,1.099,1.072405934413647,273,USDJPY
1786814956,1.1067715689786957,1.101,1.099,1.1060296455052525,677,EURUSD
1786814956,1.1056925204549057,1.101,1.099,1.0819032800980164,863,GBPUSD
1786815856,1.101716885651299,1.101,1.099,1.0722951497976043,394,USDJPY
1786815856,1.1072179758601408,1.101,1.099,1.1066059731847615,366,EURUSD
1786815856,1.105154849344771,1.101,1.099,1.080562143351316,502,GBPUSD
1786815856,1.0844715010426498,1.101,1.099,1.1206057163679957,406,XAUUSD
1786816756,1.083908620712248,1.101,1.099,1.1215777145557675,122,XAUUSD
1786816756,1.1052457048637663,1.101,1.099,1.0801700265976106,110,GBPUSD
1786816756,1.1023536248169186,1.101,1.099,1.0727554455612005,648,USDJPY
1786816756,1.1069441880722863,1.101,1.099,1.1073142986091409,627,EURUSD
1786817656,1.1030700844475618,1.101,1.099,1.0715068975399908,737,USDJPY
1786817656,1.1066093520417595,1.101,1.099,1.0800661063869437,778,GBPUSD
1786817656,1.0832952579789907,1.101,1.099,1.1221862195500476,792,XAUUSD
1786817656,1.1066667592623916,1.101,1.099,1.1076130598405494,696,EURUSD
1786818556,1.1069803980119437,1.101,1.099,1.0818535344406024,161,GBPUSD
1786818556,1.1038796657724383,1.101,1.099,1.1077257905685753,328,EURUSD
1786818556,1.1022617479878136,1.101,1.099,1.071363536176516,606,USDJPY
1786818556,1.0819984277463024,1.101,1.099,1.1240985511935528,314,XAUUSD
1786819456,1.1038221904245604,1.101,1.099,1.0717843628033703,925,USDJPY
1786819456,1.1077381103882336,1.101,1.099,1.0823393866322044,808,GBPUSD
1786819456,1.0807024403746612,1.101,1.099,1.124798768161871,204,XAUUSD
1786819456,1.102164997474774,1.101,1.099,1.1074631165583155,459,EURUSD
1786820356,1.1073533196192427,1.101,1.099,1.082422944020702,756,GBPUSD
1786820356,1.1033053823911938,1.101,1.099,1.0717325409077005,791,USDJPY
1786820356,1.1022391324202232,1.101,1.099,1.1068812400756525,297,EURUSD
1786820356,1.080806244456302,1.101,1.099,1.1250554125334917,483,XAUUSD
1786821256,1.1073527974600932,1.101,1.099,1.082533808302217,758,GBPUSD
1786821256,1.102702211938547,1.101,1.099,1.106256913574785,672,EURUSD
1786821256,1.1041435597323426,1.101,1.099,1.0708097955745501,248,USDJPY
1786821256,1.080672434337176,1.101,1.099,1.1272249545470143,866,XAUUSD
1786822156,1.0818696207897824,1.101,1.099,1.1254132546492388,657,XAUUSD
1786822156,1.1059399961565317,1.101,1.099,1.0832429126984056,612,GBPUSD
1786822156,1.1036642627967583,1.101,1.099,1.0706203613839569,295,USDJPY
1786822156,1.1023739528494552,1.101,1.099,1.1047750477131963,802,EURUSD
1786823056,1.1064093968974695,1.101,1.099,1.0830260294440544,818,GBPUSD
1786823056,1.0822360054162705,1.101,1.099,1.1245712048214829,180,XAUUSD
1786823056,1.1053159346541916,1.101,1.099,1.070354772076984,486,USDJPY
1786823056,1.1030572929068718,1.101,1.099,1.1052621149180664,107,EURUSD
1786823956,1.0808343942023104,1.101,1.099,1.1249514965772294,314,XAUUSD
1786823956,1.1054624961376538,1.101,1.099,1.0692328127057775,576,USDJPY
1786823956,1.1022626418284363,1.101,1.099,1.1045688688059907,633,EURUSD
1786823956,1.107131791426927,1.101,1.099,1.0830393964724696,662,GBPUSD
1786824856,1.1055544877378656,1.101,1.099,1.0693145250727316,890,USDJPY
1786824856,1.108132099702925,1.101,1.099,1.0804898648706855,504,GBPUSD
1786824856,1.1024150129672325,1.101,1.099,1.1040538624201017,182,EURUSD
1786824856,1.081211353649664,1.101,1.099,1.1244048081544813,870,XAUUSD
1786825756,1.1103745699348095,1.101,1.099,1.0799621876099008,174,GBPUSD
1786825756,1.103212200995198,1.101,1.099,1.068529373450744,471,USDJPY
1786825756,1.1008432451641312,1.101,1.099,1.1038472835689608,861,EURUSD
1786825756,1.0802947775126794,1.101,1.099,1.1252314681939273,526,XAUUSD
1786826656,1.1047427438659503,1.101,1.099,1.0686113584350887,379,USDJPY
1786826656,1.1013598595831284,1.101,1.099,1.1044599664120778,853,EURUSD
1786826656,1.1107481070780039,1.101,1.099,1.0811700308475598,475,GBPUSD
1786826656,1.081713194471534,1.101,1.099,1.1250599849691827,374,XAUUSD
1786827556,1.0995079039114692,1.101,1.099,1.1058256316274953,301,EURUSD
1786827556,1.1061947167415358,1.101,1.099,1.070190028875736,324,USDJPY
1786827556,1.109908241662227,1.101,1.099,1.0822333685535663,278,GBPUSD
1786827556,1.0797664244863452,1.101,1.099,1.1250309971797392,866,XAUUSD
1786828456,1.1092865874620448,1.101,1.099,1.0812803797187442,929,GBPUSD
1786828456,1.1050648536343612,1.101,1.099,1.0698544079669168,148,USDJPY
1786828456,1.0789307194684634,1.101,1.099,1.1243383547906938,680,XAUUSD
1786828456,1.0995703505372723,1.101,1.099,1.1037111418629273,801,EURUSD
1786829356,1.1039071066500785,1.101,1.099,1.069984411841857,908,USDJPY
1786829356,1.079464980240853,1.101,1.099,1.124946712969458,155,XAUUSD
1786829356,1.0990762132516105,1.101,1.099,1.1043576352264561,429,EURUSD
1786829356,1.1098818409300655,1.101,1.099,1.08013437326548,781,GBPUSD
1786830256,1.1100909293925254,1.101,1.099,1.080760533891527,248,GBPUSD
1786830256,1.099577131278434,1.101,1.099,1.1034327169580018,864,EURUSD
1786830256,1.079151524774206,1.101,1.099,1.1247867744022588,916,XAUUSD
1786830256,1.1035108673040237,1.101,1.099,1.0689124121583438,308,USDJPY
1786831156,1.1078408427131905,1.101,1.099,1.0807839409466653,954,GBPUSD
1786831156,1.1022864251189923,1.101,1.099,1.0678924673518377,756,USDJPY
1786831156,1.0773282350613334,1.101,1.099,1.1257171498116565,798,XAUUSD
1786831156,1.09970425449996,1.101,1.099,1.10150216085855,195,EURUSD
1786832056,1.1005002646101165,1.101,1.099,1.1011996247639986,595,EURUSD
1786832056,1.1094436559726601,1.101,1.099,1.08156946005483,627,GBPUSD
1786832056,1.0760597824898597,1.101,1.099,1.1252711284062393,862,XAUUSD
1786832056,1.1002996909856562,1.101,1.099,1.0679338116168826,868,USDJPY
1786832956,1.100771798330559,1.101,1.099,1.0705726414369992,723,USDJPY
1786832956,1.0752690979710857,1.101,1.099,1.1262724439937715,633,XAUUSD
1786832956,1.1090203315461873,1.101,1.099,1.0819920123670523,384,GBPUSD
1786832956,1.0993325835033938,1.101,1.099,1.1019768123560798,679,EURUSD
1786833856,1.0981938356379883,1.101,1.099,1.1021481327371903,907,EURUSD
1786833856,1.1087647872262083,1.101,1.099,1.079625577786502,438,GBPUSD
1786833856,1.0744126614768326,1.101,1.099,1.1256995473740463,454,XAUUSD
1786833856,1.1009060966855326,1.101,1.099,1.0705667438228514,891,USDJPY
1786834756,1.1014946049574517,1.101,1.099,1.0690747879571936,154,USDJPY
1786834756,1.098103060349027,1.101,1.099,1.102289640659876,796,EURUSD
1786834756,1.0743813170325045,1.101,1.099,1.1270330840413454,235,XAUUSD
1786834756,1.1097892441587065,1.101,1.099,1.0796994903946342,109,GBPUSD
1786835656,1.0742838188051718,1.101,1.099,1.1276993460700402,606,XAUUSD
1786835656,1.100402715744447,1.101,1.099,1.0693390632531279,135,USDJPY
1786835656,1.0989860528406434,1.101,1.099,1.1020008250183664,600,EURUSD
1786835656,1.108064091065889,1.101,1.099,1.0803577113367229,752,GBPUSD
1786836556,1.0733744278305468,1.101,1.099,1.1277127940286213,269,XAUUSD
1786836556,1.107461405084753,1.101,1.099,1.0783087027725833,456,GBPUSD
1786836556,1.1006202319164398,1.101,1.099,1.0693906278955485,919,USDJPY
1786836556,1.0985218537695094,1.101,1.099,1.1021169606812398,689,EURUSD
1786837456,1.097363932340432,1.101,1.099,1.1017524542270858,509,EURUSD
1786837456,1.105432962382997,1.101,1.099,1.0792328321513023,772,GBPUSD
1786837456,1.073265492176543,1.101,1.099,1.1279814345341992,510,XAUUSD
1786837456,1.1001612454562293,1.101,1.099,1.0699674212939791,639,USDJPY
1786838356,1.0982732932436094,1.101,1.099,1.0704995723287978,860,USDJPY
1786838356,1.0727753866594405,1.101,1.099,1.1286843929623844,864,XAUUSD
1786838356,1.1044023011411903,1.101,1.099,1.080818765904669,245,GBPUSD
1786838356,1.0977430549069558,1.101,1.099,1.1011508717663476,301,EURUSD
1786839256,1.105237380531796,1.101,1.099,1.0790772290486645,791,GBPUSD
1786839256,1.0975775492683777,1.101,1.099,1.100251032988939,995,EURUSD
1786839256,1.0731601797668766,1.101,1.099,1.1302013071118562,159,XAUUSD
1786839256,1.0986539410855,1.101,1.099,1.0695171436532072,574,USDJPY
1786840156,1.0982404012212794,1.101,1.099,1.070625091350904,173,USDJPY
1786840156,1.0740825408323833,1.101,1.099,1.13074282354565,742,XAUUSD
1786840156,1.098132967996641,1.101,1.099,1.1004463346504725,582,EURUSD
1786840156,1.1058741247756942,1.101,1.099,1.0778950772682103,716,GBPUSD
1786841056,1.0978236240399872,1.101,1.099,1.0990026773040424,614,EURUSD
1786841056,1.0984277855542488,1.101,1.099,1.069430365583771,547,USDJPY
1786841056,1.1059720390182117,1.101,1.099,1.0781335590878045,200,GBPUSD
1786841056,1.0743644171737503,1.101,1.099,1.1311689746810216,502,XAUUSD
1786841956,1.095923206640778,1.101,1.099,1.0691437673960602,611,USDJPY
1786841956,1.1052514648881522,1.101,1.099,1.0792174458877608,145,GBPUSD
1786841956,1.0755579057173712,1.101,1.099,1.1300955314013623,514,XAUUSD
1786841956,1.0984518964244427,1.101,1.099,1.0987786503505688,451,EURUSD
1786842856,1.1073460755961277,1.101,1.099,1.0782921543634538,204,GBPUSD
1786842856,1.0761668872045582,1.101,1.099,1.1301171278939164,412,XAUUSD
1786842856,1.0993298692145976,1.101,1.099,1.100536379619592,530,EURUSD
1786842856,1.095640700843971,1.101,1.099,1.0713963221846197,114,USDJPY
1786843756,1.0766605316346263,1.101,1.099,1.129081110485116,889,XAUUSD
1786843756,1.1077117817112974,1.101,1.099,1.0781563561708416,997,GBPUSD
1786843756,1.0956923664225844,1.101,1.099,1.070960191282469,614,USDJPY
1786843756,1.0985233500413725,1.101,1.099,1.1010023335756423,112,EURUSD
1786844656,1.0985759885716622,1.101,1.099,1.1010687703332986,136,EURUSD
1786844656,1.1080733361918091,1.101,1.099,1.0764134808081949,821,GBPUSD
1786844656,1.0957082057287022,1.101,1.099,1.071845899428175,985,USDJPY
1786844656,1.0768607846620604,1.101,1.099,1.1297370703266103,794,XAUUSD
1786845556,1.1084435930446592,1.101,1.099,1.076634802037926,616,GBPUSD
1786845556,1.0985239537829372,1.101,1.099,1.1012846570422297,771,EURUSD
1786845556,1.0771272268858485,1.101,1.099,1.1306796850931562,604,XAUUSD
1786845556,1.0960251775281276,1.101,1.099,1.070631585255862,969,USDJPY
1786846456,1.096207914809621,1.101,1.099,1.0708969505047008,127,USDJPY
1786846456,1.0791773389233013,1.101,1.099,1.130318870532328,899,XAUUSD
1786846456,1.0979568519396328,1.101,1.099,1.102008141133606,244,EURUSD
1786846456,1.108261778261151,1.101,1.099,1.076827565524302,907,GBPUSD
1786847356,1.0804624929753712,1.101,1.099,1.131591011786384,233,XAUUSD
1786847356,1.1101192156535458,1.101,1.099,1.0779960387966532,784,GBPUSD
1786847356,1.0948186080904088,1.101,1.099,1.0711827395133338,856,USDJPY
1786847356,1.0987881435645643,1.101,1.099,1.1030650167484308,478,EURUSD
1786848256,1.0952494863544608,1.101,1.099,1.0718882629951267,685,USDJPY
1786848256,1.0806664591090829,1.101,1.099,1.1309412292440957,153,XAUUSD
1786848256,1.0979620822577045,1.101,1.099,1.102565912884558,452,EURUSD
1786848256,1.1092348385125677,1.101,1.099,1.077827519779265,867,GBPUSD
1786849156,1.0803219427354056,1.101,1.099,1.130912943975804,640,XAUUSD
1786849156,1.0953064929132676,1.101,1.099,1.0714106578569007,725,USDJPY
1786849156,1.1084143996735254,1.101,1.099,1.0795827078119302,727,GBPUSD
1786849156,1.098046191695049,1.101,1.099,1.1035644896262917,171,EURUSD
1786850056,1.0963095678655588,1.101,1.099,1.0728594351505834,358,USDJPY
1786850056,1.0811854354977928,1.101,1.099,1.13192049214892,714,XAUUSD
1786850056,1.0988939438785839,1.101,1.099,1.102797023306716,935,EURUSD
1786850056,1.1091950856797295,1.101,1.099,1.077350091366715,510,GBPUSD
1786850956,1.0958642023535308,1.101,1.099,1.074582658955124,914,USDJPY
1786850956,1.1095511884398954,1.101,1.099,1.0776409832228602,938,GBPUSD
1786850956,1.0814497617281462,1.101,1.099,1.129366227406709,888,XAUUSD
1786850956,1.100127977330985,1.101,1.099,1.102681832917283,290,EURUSD
1786851856,1.100334921380441,1.101,1.099,1.1030874682577994,750,EURUSD
1786851856,1.0819547496099449,1.101,1.099,1.1286581208325805,482,XAUUSD
1786851856,1.1100453777233394,1.101,1.099,1.0794600632091254,691,GBPUSD
1786851856,1.095101505200569,1.101,1.099,1.0738974059462012,111,USDJPY
1786852756,1.1000147288729856,1.101,1.099,1.1026893807368003,600,EURUSD
1786852756,1.0833287915354342,1.101,1.099,1.129926772276701,588,XAUUSD
1786852756,1.0947721757761364,1.101,1.099,1.0732609169642937,927,USDJPY
1786852756,1.1108695781523135,1.101,1.099,1.0800675240325281,839,GBPUSD
1786853656,1.1106778977419494,1.101,1.099,1.0796786243535144,704,GBPUSD
1786853656,1.0952345573153266,1.101,1.099,1.0749642773976935,796,USDJPY
1786853656,1.0983710080119846,1.101,1.099,1.1020507636811612,131,EURUSD
1786853656,1.082182932337146,1.101,1.099,1.129510553125997,209,XAUUSD
1786854556,1.0963882552917683,1.101,1.099,1.0752990818119517,709,USDJPY
1786854556,1.108702736241685,1.101,1.099,1.0798081369227883,152,GBPUSD
1786854556,1.0839211007539094,1.101,1.099,1.1298392501499874,412,XAUUSD
1786854556,1.0986006007739044,1.101,1.099,1.1008962873130883,460,EURUSD
1786855456,1.0846432862273834,1.101,1.099,1.1299511212903983,534,XAUUSD
1786855456,1.0963256770449545,1.101,1.099,1.0752198451710728,117,USDJPY
1786855456,1.0982041275348382,1.101,1.099,1.1009196635668888,912,EURUSD
1786855456,1.1100040661998287,1.101,1.099,1.080277184746672,642,GBPUSD
1786856356,1.1094325330982613,1.101,1.099,1.0809494627305105,768,GBPUSD
1786856356,1.0971062052117688,1.101,1.099,1.1008074223076805,292,EURUSD
1786856356,1.099157924382119,1.101,1.099,1.0762538358428573,358,USDJPY
1786856356,1.0828357432760964,1.101,1.099,1.1288597689100934,403,XAUUSD
1786857256,1.109734837863384,1.101,1.099,1.0811273352241906,737,GBPUSD
1786857256,1.1007670924537423,1.101,1.099,1.0756656413173917,811,USDJPY
1786857256,1.0950191852696198,1.101,1.099,1.100367682835204,954,EURUSD
1786857256,1.0826890812492056,1.101,1.099,1.128355589641656,982,XAUUSD
1786858156,1.100664661173211,1.101,1.099,1.0762310323266875,757,USDJPY
1786858156,1.1093914223909316,1.101,1.099,1.081197346465289,379,GBPUSD
1786858156,1.0830531737045532,1.101,1.099,1.1280885993969578,853,XAUUSD
1786858156,1.09503461729081,1.101,1.099,1.1004448863413916,604,EURUSD
1786859056,1.0949498251104315,1.101,1.099,1.0981049628718613,468,EURUSD
1786859056,1.0835965554639189,1.101,1.099,1.127956948885048,270,XAUUSD
1786859056,1.1094580144111743,1.101,1.099,1.0831244674939948,583,GBPUSD
1786859056,1.1004956529646652,1.101,1.099,1.0770755296902095,787,USDJPY
1786859956,1.0944456442117925,1.101,1.099,1.0990007492841245,165,EURUSD
1786859956,1.0834711279767528,1.101,1.099,1.1273566353056883,286,XAUUSD
1786859956,1.0998652733922079,1.101,1.099,1.0776648410025853,411,USDJPY
1786859956,1.110248554078157,1.101,1.099,1.083234269829172,950,GBPUSD
1786860856,1.0981017349828794,1.101,1.099,1.07886181156619,584,USDJPY
1786860856,1.0936219809449632,1.101,1.099,1.0988588061686178,331,EURUSD
1786860856,1.108904621355752,1.101,1.099,1.083862774488775,750,GBPUSD
1786860856,1.0840021860140139,1.101,1.099,1.1271077860528962,976,XAUUSD
1786861756,1.0937739576088843,1.101,1.099,1.0981666584121235,481,EURUSD
1786861756,1.0857506998286963,1.101,1.099,1.1269247267858682,479,XAUUSD
1786861756,1.1088028575907718,1.101,1.099,1.085054937750894,957,GBPUSD
1786861756,1.0986852258774746,1.101,1.099,1.079633157520708,783,USDJPY
1786862656,1.1072210164380933,1.101,1.099,1.084254512830601,163,GBPUSD
1786862656,1.0839674869699112,1.101,1.099,1.1272552957316848,274,XAUUSD
1786862656,1.097647861751021,1.101,1.099,1.0797201298239427,442,USDJPY
1786862656,1.0936955125295769,1.101,1.099,1.0990203615404,901,EURUSD
1786863556,1.097652874749612,1.101,1.099,1.0794777727713083,187,USDJPY
1786863556,1.083219240807364,1.101,1.099,1.127555940679145,476,XAUUSD
1786863556,1.0925863407132117,1.101,1.099,1.098373361073777,854,EURUSD
1786863556,1.1084105838515554,1.101,1.099,1.0842933232679541,323,GBPUSD
1786864456,1.0843691607409902,1.101,1.099,1.125570884224036,648,XAUUSD
1786864456,1.1079867037086668,1.101,1.099,1.0835619194631791,215,GBPUSD
1786864456,1.097115154870799,1.101,1.099,1.0813541899346093,780,USDJPY
1786864456,1.0921042424470229,1.101,1.099,1.099417614648386,809,EURUSD
1786865356,1.0917459769414737,1.101,1.099,1.1004160070132407,496,EURUSD
1786865356,1.108001965029375,1.101,1.099,1.0837197106517624,235,GBPUSD
1786865356,1.0873557831677307,1.101,1.099,1.125843712006191,353,XAUUSD
1786865356,1.0973242856705543,1.101,1.099,1.0831649505628536,542,USDJPY
1786866256,1.0880635294637924,1.101,1.099,1.126448961184306,504,XAUUSD
1786866256,1.096245154035215,1.101,1.099,1.0829189217499375,528,USDJPY
1786866256,1.1076251039843514,1.101,1.099,1.0848738972739151,974,GBPUSD
1786866256,1.0919130798981636,1.101,1.099,1.100765070726126,937,EURUSD
1786867156,1.0925631932685371,1.101,1.099,1.0985961628569871,614,EURUSD
1786867156,1.1098803318022317,1.101,1.099,1.084714839426726,153,GBPUSD
1786867156,1.087226099899135,1.101,1.099,1.125437283938786,389,XAUUSD
1786867156,1.0942825789905983,1.101,1.099,1.0827056013705811,331,USDJPY
1786868056,1.0926202772388767,1.101,1.099,1.097772798447517,429,EURUSD
1786868056,1.1095165188314942,1.101,1.099,1.0848566063408052,818,GBPUSD
1786868056,1.0951264775847087,1.101,1.099,1.0824443085002793,203,USDJPY
1786868056,1.087119003898151,1.101,1.099,1.1268598093557398,752,XAUUSD
1786868956,1.0948799613688092,1.101,1.099,1.0812694993014742,590,USDJPY
1786868956,1.0872426603785932,1.101,1.099,1.1274260204548674,252,XAUUSD
1786868956,1.1093088519764673,1.101,1.099,1.0848455303880475,734,GBPUSD
1786868956,1.0909318977606757,1.101,1.099,1.097544379114062,727,EURUSD
1786869856,1.090023006854729,1.101,1.099,1.1005751505458679,178,EURUSD
1786869856,1.1086164199718966,1.101,1.099,1.0857148347904848,724,GBPUSD
1786869856,1.095023909614527,1.101,1.099,1.0828032454447964,967,USDJPY
1786869856,1.0871789338349735,1.101,1.099,1.1275253931765317,283,XAUUSD
1786870756,1.094753050961029,1.101,1.099,1.0848307825126673,545,USDJPY
1786870756,1.0860016133497739,1.101,1.099,1.1291634581862957,186,XAUUSD
1786870756,1.0894633428093596,1.101,1.099,1.1012153556133741,737,EURUSD
1786870756,1.109356631335735,1.101,1.099,1.086263907929446,331,GBPUSD
1786871656,1.1102743412016964,1.101,1.099,1.0859051632178685,353,GBPUSD
1786871656,1.0893792584043431,1.101,1.099,1.1010031811184944,917,EURUSD
1786871656,1.085903749017224,1.101,1.099,1.1291042559246518,201,XAUUSD
1786871656,1.0949212378135578,1.101,1.099,1.0844430659395055,433,USDJPY
1786872556,1.0877792064568008,1.101,1.099,1.1296324657319767,615,XAUUSD
1786872556,1.0962289934320384,1.101,1.099,1.0858347540438542,308,USDJPY
1786872556,1.0907277121312422,1.101,1.099,1.0987646294329674,438,EURUSD
1786872556,1.1094177419494633,1.101,1.099,1.0873237462376006,227,GBPUSD
1786873456,1.1097008134429285,1.101,1.099,1.08707271852675,565,GBPUSD
1786873456,1.0930918401789878,1.101,1.099,1.0982160146971234,696,EURUSD
1786873456,1.0958870660054403,1.101,1.099,1.0863656669474182,237,USDJPY
1786873456,1.0882306598003961,1.101,1.099,1.1288076325260263,925,XAUUSD
1786874356,1.0868839624901991,1.101,1.099,1.12974926897262,851,XAUUSD
1786874356,1.0967669290189503,1.101,1.099,1.087205248054078,709,USDJPY
1786874356,1.0936903589641187,1.101,1.099,1.0977367339414037,350,EURUSD
1786874356,1.1101668752751919,1.101,1.099,1.088482729023218,137,GBPUSD
1786875256,1.1109525914999543,1.101,1.099,1.0877427138414901,224,GBPUSD
1786875256,1.0921493972682605,1.101,1.099,1.0971801935291499,604,EURUSD
1786875256,1.0874967238939601,1.101,1.099,1.1307128983611052,884,XAUUSD
1786875256,1.097833208112344,1.101,1.099,1.0876097012118997,344,USDJPY
1786876156,1.0981065111829356,1.101,1.099,1.0880816348879634,609,USDJPY
1786876156,1.08776801480865,1.101,1.099,1.1300752159059029,188,XAUUSD
1786876156,1.0922966450718543,1.101,1.099,1.0962017758952645,348,EURUSD
1786876156,1.1110414479985975,1.101,1.099,1.0880372525112205,576,GBPUSD
1786877056,1.1114465502570954,1.101,1.099,1.0890930617116115,260,GBPUSD
1786877056,1.0908004748868008,1.101,1.099,1.0983940320788903,293,EURUSD
1786877056,1.0887948819421616,1.101,1.099,1.129848774945989,100,XAUUSD
1786877056,1.097098520064274,1.101,1.099,1.0886840172739396,368,USDJPY
1786877956,1.0973685380231033,1.101,1.099,1.0870556058781176,268,USDJPY
1786877956,1.0915183643940287,1.101,1.099,1.1305694077659096,911,XAUUSD
1786877956,1.112599924771674,1.101,1.099,1.0886234031815007,752,GBPUSD
1786877956,1.09010409740671,1.101,1.099,1.0999182497613078,479,EURUSD
1786878856,1.112191054013046,1.101,1.099,1.0887342881992896,456,GBPUSD
1786878856,1.096458028315816,1.101,1.099,1.0868020087041645,792,USDJPY
1786878856,1.0896441417881544,1.101,1.099,1.1007798870287853,820,EURUSD
1786878856,1.0904149619263486,1.101,1.099,1.1310464339076463,294,XAUUSD
1786879756,1.1144886352601033,1.101,1.099,1.0886427326072334,950,GBPUSD
1786879756,1.0900105359042032,1.101,1.099,1.0996535734007002,460,EURUSD
1786879756,1.0963685131290943,1.101,1.099,1.086335152410244,721,USDJPY
1786879756,1.0883617889591448,1.101,1.099,1.1313788840693466,478,XAUUSD
1786880656,1.0891136275956457,1.101,1.099,1.1312043240540712,870,XAUUSD
1786880656,1.1130994362763842,1.101,1.099,1.0895923256703424,468,GBPUSD
1786880656,1.0903462402857338,1.101,1.099,1.1002921059039539,539,EURUSD
1786880656,1.09871156288766,1.101,1.099,1.085843522713562,342,USDJPY
1786881556,1.098514247642434,1.101,1.099,1.0866444761277072,177,USDJPY
1786881556,1.0932542627687225,1.101,1.099,1.1000002271948564,868,EURUSD
1786881556,1.112215318444523,1.101,1.099,1.0896798529514107,480,GBPUSD
1786881556,1.088520106941336,1.101,1.099,1.1326554369356212,415,XAUUSD
1786882456,1.0890652867952542,1.101,1.099,1.1296808189181475,622,XAUUSD
1786882456,1.0987450828568013,1.101,1.099,1.0876519509346192,388,USDJPY
1786882456,1.0922822763733868,1.101,1.099,1.1001535271624352,378,EURUSD
1786882456,1.112857107709295,1.101,1.099,1.0909826611100124,560,GBPUSD
1786883356,1.1121408326820519,1.101,1.099,1.0912194952582195,481,GBPUSD
1786883356,1.0923501968836853,1.101,1.099,1.0998822893034803,513,EURUSD
1786883356,1.0983262589754124,1.101,1.099,1.0862075056260339,514,USDJPY
1786883356,1.0883441556840896,1.101,1.099,1.1303664463491714,304,XAUUSD
1786884256,1.0893054441047172,1.101,1.099,1.1299166836446934,597,XAUUSD
1786884256,1.0935565841306032,1.101,1.099,1.101182596043367,192,EURUSD
1786884256,1.114675340925865,1.101,1.099,1.0919847023856621,720,GBPUSD
1786884256,1.098917432888685,1.101,1.099,1.0857783305776278,325,USDJPY
1786885156,1.0976365128598282,1.101,1.099,1.085640808674829,638,USDJPY
1786885156,1.0903296330809493,1.101,1.099,1.1297195998215053,917,XAUUSD
1786885156,1.1147026307012915,1.101,1.099,1.0913185922957813,282,GBPUSD
1786885156,1.0923612893029098,1.101,1.099,1.101993521881719,543,EURUSD
1786886056,1.089756388885708,1.101,1.099,1.130192405832307,954,XAUUSD
1786886056,1.097506349031874,1.101,1.099,1.0850919646991621,387,USDJPY
1786886056,1.0892728129234208,1.101,1.099,1.1033694587469767,822,EURUSD
1786886056,1.1145004721423668,1.101,1.099,1.0910245335963558,505,GBPUSD
1786886956,1.0974116194292942,1.101,1.099,1.086229965989973,334,USDJPY
1786886956,1.113856313283407,1.101,1.099,1.091059391263446,339,GBPUSD
1786886956,1.088001777434812,1.101,1.099,1.129458106296438,638,XAUUSD
1786886956,1.08900229043554,1.101,1.099,1.104655367611647,530,EURUSD
1786887856,1.1143585674432506,1.101,1.099,1.0906748561188702,272,GBPUSD
1786887856,1.0977898573181195,1.101,1.099,1.0848145992686102,306,USDJPY
1786887856,1.0891298658634914,1.101,1.099,1.1045498905736073,819,EURUSD
1786887856,1.0885820246080267,1.101,1.099,1.1296718248084578,863,XAUUSD
1786888756,1.09585956879053,1.101,1.099,1.0844132957294965,312,USDJPY
1786888756,1.0880407065333033,1.101,1.099,1.1061010730205845,704,EURUSD
1786888756,1.0891387458451716,1.101,1.099,1.1289337541055318,145,XAUUSD
1786888756,1.1143799008066002,1.101,1.099,1.0907763833923327,262,GBPUSD
1786889656,1.1135266770239325,1.101,1.099,1.0911945346869065,133,GBPUSD
1786889656,1.0967961072237309,1.101,1.099,1.0857737516232473,506,USDJPY
1786889656,1.0880892629127286,1.101,1.099,1.1298798691138883,922,XAUUSD
1786889656,1.0883041641660771,1.101,1.099,1.1058773793692402,813,EURUSD
1786890556,1.0974396626637792,1.101,1.099,1.0859299745525852,777,USDJPY
1786890556,1.113666433572686,1.101,1.099,1.092962983416557,606,GBPUSD
1786890556,1.0883497347345232,1.101,1.099,1.1059501795849942,527,EURUSD
1786890556,1.088545342519239,1.101,1.099,1.1280736180642217,116,XAUUSD
1786891456,1.0884917342996796,1.101,1.099,1.128599416051934,403,XAUUSD
1786891456,1.0888833908249163,1.101,1.099,1.1067686474121685,494,EURUSD
1786891456,1.1144139934451276,1.101,1.099,1.091682039155966,995,GBPUSD
1786891456,1.097174910622022,1.101,1.099,1.0855087567473467,863,USDJPY
1786892356,1.1146228460378194,1.101,1.099,1.0929116610263698,651,GBPUSD
1786892356,1.0966933682867843,1.101,1.099,1.086153386805501,171,USDJPY
1786892356,1.0878850906975561,1.101,1.099,1.107809663818889,434,EURUSD
1786892356,1.08742686278581,1.101,1.099,1.1300826485315827,323,XAUUSD
1786893256,1.0889547008891038,1.101,1.099,1.130287212846768,790,XAUUSD
1786893256,1.0891944570756706,1.101,1.099,1.1076539951875597,961,EURUSD
1786893256,1.0977466130974083,1.101,1.099,1.084908819118019,723,USDJPY
1786893256,1.1143778159037923,1.101,1.099,1.0929924010501235,941,GBPUSD
1786894156,1.0987305005372738,1.101,1.099,1.083089803544502,739,USDJPY
1786894156,1.114568200316165,1.101,1.099,1.0921598353210213,351,GBPUSD
1786894156,1.0902349800958406,1.101,1.099,1.1082885435378909,501,EURUSD
1786894156,1.0885466609754333,1.101,1.099,1.1325289129265195,792,XAUUSD
1786895056,1.1144443214932946,1.101,1.099,1.0922232627677142,517,GBPUSD
1786895056,1.0991432737638147,1.101,1.099,1.0823375602235754,900,USDJPY
1786895056,1.0877863142109574,1.101,1.099,1.1337377394968633,447,XAUUSD
1786895056,1.0905209303030556,1.101,1.099,1.108285457170151,938,EURUSD
1786895956,1.1139017888439178,1.101,1.099,1.0920957461323981,895,GBPUSD
1786895956,1.0906220137342495,1.101,1.099,1.1089260178900693,668,EURUSD
1786895956,1.089227451886178,1.101,1.099,1.133594483338465,460,XAUUSD
1786895956,1.0993592977316387,1.101,1.099,1.0811653488375628,118,USDJPY
1786896856,1.099392907670252,1.101,1.099,1.0810284187395762,873,USDJPY
1786896856,1.0874527291237615,1.101,1.099,1.1329180349980115,123,XAUUSD
1786896856,1.1141539091196226,1.101,1.099,1.0923569119000571,134,GBPUSD
1786896856,1.088885941331274,1.101,1.099,1.1089600809191495,205,EURUSD
1786897756,1.0900495132296353,1.101,1.099,1.1076409827632767,212,EURUSD
1786897756,1.1158713471931518,1.101,1.099,1.0912728913285572,298,GBPUSD
1786897756,1.09787306914935,1.101,1.099,1.0809158341954817,925,USDJPY
1786897756,1.0872539724440002,1.101,1.099,1.1340544810532314,597,XAUUSD
1786898656,1.0986897223196885,1.101,1.099,1.0801272101522357,360,USDJPY
1786898656,1.1160142943952895,1.101,1.099,1.0918872905306911,315,GBPUSD
1786898656,1.0879481728323603,1.101,1.099,1.1338114393077332,788,XAUUSD
1786898656,1.0906266036228154,1.101,1.099,1.1071443935584087,728,EURUSD
1786899556,1.1151893290964279,1.101,1.099,1.0898614875861852,270,GBPUSD
1786899556,1.0874595244092662,1.101,1.099,1.13313473133858,741,XAUUSD
1786899556,1.0902525464101622,1.101,1.099,1.1085766841309126,451,EURUSD
1786899556,1.0990116096924385,1.101,1.099,1.0811114453348671,373,USDJPY
1786900456,1.086371464034672,1.101,1.099,1.133816272149264,628,XAUUSD
1786900456,1.114326951522697,1.101,1.099,1.0885940815112582,551,GBPUSD
1786900456,1.0909213863244365,1.101,1.099,1.1098651395058934,688,EURUSD
1786900456,1.09729124436461,1.101,1.099,1.0819728968252638,300,USDJPY
1786901356,1.0972260834885752,1.101,1.099,1.0812526642486897,882,USDJPY
1786901356,1.1127704447931541,1.101,1.099,1.08906353315541,253,GBPUSD
1786901356,1.0912858176519253,1.101,1.099,1.1090083221435105,325,EURUSD
1786901356,1.0856009313421762,1.101,1.099,1.1359914125875856,590,XAUUSD
1786902256,1.0909955861053338,1.101,1.099,1.1068402554331715,809,EURUSD
1786902256,1.0857971402952844,1.101,1.099,1.1359404977287901,828,XAUUSD
1786902256,1.110717231415826,1.101,1.099,1.0878490734561586,564,GBPUSD
1786902256,1.0966927947639316,1.101,1.099,1.082586034968998,594,USDJPY
1786903156,1.096878901047897,1.101,1.099,1.0805607671143331,924,USDJPY
1786903156,1.1093939428494863,1.101,1.099,1.0897691946753256,678,GBPUSD
1786903156,1.0913512068217768,1.101,1.099,1.107333219178477,269,EURUSD
1786903156,1.0864885897457022,1.101,1.099,1.1365512696104945,566,XAUUSD
1786904056,1.0945774718073207,1.101,1.099,1.0813570180211118,774,USDJPY
1786904056,1.0913456327309707,1.101,1.099,1.1068838492934516,819,EURUSD
1786904056,1.110491296245094,1.101,1.099,1.0909101451756849,162,GBPUSD
1786904056,1.0855021850597937,1.101,1.099,1.1352110185211735,581,XAUUSD
1786904956,1.085125120532698,1.101,1.099,1.1360794906011784,265,XAUUSD
1786904956,1.091658380306605,1.101,1.099,1.1076421822368063,567,EURUSD
1786904956,1.0951974154393247,1.101,1.099,1.08194614716068,840,USDJPY
1786904956,1.111968134381802,1.101,1.099,1.0917557699702027,274,GBPUSD
1786905856,1.1102151689126103,1.101,1.099,1.0922140969216108,853,GBPUSD
1786905856,1.0912495806716167,1.101,1.099,1.1084418091717008,998,EURUSD
1786905856,1.0968628619101364,1.101,1.099,1.082261442315559,975,USDJPY
1786905856,1.0861472274965533,1.101,1.099,1.1354141332427032,341,XAUUSD
1786906756,1.0911021336772924,1.101,1.099,1.1089785283089102,618,EURUSD
1786906756,1.1117607585477205,1.101,1.099,1.0921351488704862,867,GBPUSD
1786906756,1.084613734756641,1.101,1.099,1.1354552229400525,347,XAUUSD
1786906756,1.0967478910964865,1.101,1.099,1.0817944336354859,774,USDJPY
1786907656,1.0919870741882884,1.101,1.099,1.1070479222713332,950,EURUSD
1786907656,1.0975890048294847,1.101,1.099,1.0810677790818954,435,USDJPY
1786907656,1.111103890528344,1.101,1.099,1.0919674248220523,421,GBPUSD
1786907656,1.0835683830284608,1.101,1.099,1.1356991846650575,264,XAUUSD
1786908556,1.1103831840457166,1.101,1.099,1.0926141438655073,427,GBPUSD
1786908556,1.0914060730307784,1.101,1.099,1.1061514003104211,768,EURUSD
1786908556,1.083879523142803,1.101,1.099,1.1367837786570845,738,XAUUSD
1786908556,1.098597305596371,1.101,1.099,1.0804195357880773,499,USDJPY
1786909456,1.08314389032095,1.101,1.099,1.1368726741035156,210,XAUUSD
1786909456,1.110939110901584,1.101,1.099,1.0924538193932536,726,GBPUSD
1786909456,1.0990005374163205,1.101,1.099,1.0819329709451522,449,USDJPY
1786909456,1.0907642398198385,1.101,1.099,1.1071080400770705,565,EURUSD
1786910356,1.1105058716133651,1.101,1.099,1.090810747415699,929,GBPUSD
1786910356,1.0914919018179623,1.101,1.099,1.1082918590577404,796,EURUSD
1786910356,1.0834477259490904,1.101,1.099,1.1355798579016245,329,XAUUSD
1786910356,1.09791608255707,1.101,1.099,1.0822303154458324,519,USDJPY
1786911256,1.0969054478669937,1.101,1.099,1.082960640137086,649,USDJPY
1786911256,1.083163986467765,1.101,1.099,1.1353303147222267,840,XAUUSD
1786911256,1.0915769286382386,1.101,1.099,1.1096185181533713,636,EURUSD
1786911256,1.1104398009196366,1.101,1.099,1.0905041616227442,408,GBPUSD
1786912156,1.0829847284574807,1.101,1.099,1.1352853110801633,154,XAUUSD
1786912156,1.098013451014292,1.101,1.099,1.0826826959926796,316,USDJPY
1786912156,1.109275871864427,1.101,1.099,1.0896867420689458,449,GBPUSD
1786912156,1.0922855067959298,1.101,1.099,1.1099082969325187,774,EURUSD
1786913056,1.0928121194448666,1.101,1.099,1.1108684155260653,224,EURUSD
1786913056,1.0983660014173575,1.101,1.099,1.0821161354039701,866,USDJPY
1786913056,1.109313728825475,1.101,1.099,1.0902081250005682,206,GBPUSD
1786913056,1.0836949548845816,1.101,1.099,1.1350918771039704,418,XAUUSD
1786913956,1.1099512307004789,1.101,1.099,1.0895479953712457,974,GBPUSD
1786913956,1.0944477175262777,1.101,1.099,1.1115748491092843,492,EURUSD
1786913956,1.0833809882724788,1.101,1.099,1.1350516419715726,248,XAUUSD
1786913956,1.0982753368696683,1.101,1.099,1.0815673211715324,719,USDJPY
1786914856,1.1090657963423465,1.101,1.099,1.0897082244870209,773,GBPUSD
1786914856,1.0828864165026468,1.101,1.099,1.1345461569687556,465,XAUUSD
1786914856,1.0979226166432676,1.101,1.099,1.080802177850969,815,USDJPY
1786914856,1.0930831837680692,1.101,1.099,1.1121086614218711,641,EURUSD
1786915756,1.0836248078247788,1.101,1.099,1.1361430179189709,725,XAUUSD
1786915756,1.101159813573744,1.101,1.099,1.08186958683707,885,USDJPY
1786915756,1.092914925004691,1.101,1.099,1.1118566309047206,772,EURUSD
1786915756,1.1104222529117216,1.101,1.099,1.0896096196288105,959,GBPUSD
1786916656,1.1029833831955285,1.101,1.099,1.080846219040089,896,USDJPY
1786916656,1.0929523110598807,1.101,1.099,1.1110995506708765,570,EURUSD
1786916656,1.1090895927297402,1.101,1.099,1.08947848619088,208,GBPUSD
1786916656,1.08350036684957,1.101,1.099,1.135600368224639,896,XAUUSD
1786917556,1.1019696080282566,1.101,1.099,1.0809606124509221,744,USDJPY
1786917556,1.0937586399141508,1.101,1.099,1.1112554845414928,515,EURUSD
1786917556,1.0830633601665698,1.101,1.099,1.1345917579869595,770,XAUUSD
1786917556,1.1074751993474667,1.101,1.099,1.0892432142961903,178,GBPUSD
1786918456,1.1070432796577798,1.101,1.099,1.0906866176334586,212,GBPUSD
1786918456,1.0836493770202282,1.101,1.099,1.1349606963988632,995,XAUUSD
1786918456,1.0938909986388745,1.101,1.099,1.109278434543825,572,EURUSD
1786918456,1.099896420760669,1.101,1.099,1.0827458596328698,886,USDJPY
1786919356,1.0835178615777432,1.101,1.099,1.1345916038589712,859,XAUUSD
1786919356,1.092885921306739,1.101,1.099,1.1111921587045015,320,EURUSD
1786919356,1.0989045951059602,1.101,1.099,1.0816745887219716,883,USDJPY
1786919356,1.1063352851228059,1.101,1.099,1.0901006936012019,262,GBPUSD
1786920256,1.0997550338909485,1.101,1.099,1.0814206174647263,820,USDJPY
1786920256,1.0927052762636609,1.101,1.099,1.1119296970365122,230,EURUSD
1786920256,1.1050350610969786,1.101,1.099,1.0891178647734472,674,GBPUSD
1786920256,1.084126231747408,1.101,1.099,1.135272494508572,393,XAUUSD
1786921156,1.092853005194193,1.101,1.099,1.1115572817090065,926,EURUSD
1786921156,1.1044837202822375,1.101,1.099,1.088209597525573,746,GBPUSD
1786921156,1.0833054363110286,1.101,1.099,1.1353235820979355,782,XAUUSD
1786921156,1.099999841864681,1.101,1.099,1.0822873767588004,243,USDJPY
1786922056,1.0929711867382375,1.101,1.099,1.112757491907562,187,EURUSD
1786922056,1.082390930079259,1.101,1.099,1.1343438652122346,378,XAUUSD
1786922056,1.104858048689144,1.101,1.099,1.088429269927442,175,GBPUSD
1786922056,1.099339960595192,1.101,1.099,1.082476063304834,437,USDJPY
1786922956,1.0828024377674526,1.101,1.099,1.1360631150213745,870,XAUUSD
1786922956,1.1018048189568304,1.101,1.099,1.0835743092627086,682,USDJPY
1786922956,1.091018640047849,1.101,1.099,1.1126443784097857,433,EURUSD
1786922956,1.1041400616493233,1.101,1.099,1.0879170911578928,369,GBPUSD
1786923856,1.1037337438910917,1.101,1.099,1.0877550602418005,574,GBPUSD
1786923856,1.1026763653756628,1.101,1.099,1.0840298792477467,771,USDJPY
1786923856,1.0917844753310122,1.101,1.099,1.1107144177784065,569,EURUSD
1786923856,1.081080925989409,1.101,1.099,1.1360371782905234,184,XAUUSD
1786924756,1.0906658906862567,1.101,1.099,1.1091319372394957,815,EURUSD
1786924756,1.0803016046410845,1.101,1.099,1.137523974884838,314,XAUUSD
1786924756,1.1045772548616493,1.101,1.099,1.0842580011229823,628,USDJPY
1786924756,1.1044727906724596,1.101,1.099,1.0886159155802386,591,GBPUSD
1786925656,1.0925287853673817,1.101,1.099,1.1092973478908292,519,EURUSD
1786925656,1.10463351968279,1.101,1.099,1.0846228334886086,974,USDJPY
1786925656,1.1043300797264894,1.101,1.099,1.090321508076478,206,GBPUSD
1786925656,1.0803552460989025,1.101,1.099,1.1371792902653493,796,XAUUSD
1786926556,1.1040230444269763,1.101,1.099,1.0917400372732,642,GBPUSD
1786926556,1.0807349784202471,1.101,1.099,1.1365126819083486,379,XAUUSD
1786926556,1.0934004969252913,1.101,1.099,1.1112468245177547,369,EURUSD
1786926556,1.1051018087532447,1.101,1.099,1.0850007950930443,905,USDJPY
1786927456,1.1074233737568848,1.101,1.099,1.0859439535260988,796,USDJPY
1786927456,1.1054191318232198,1.101,1.099,1.0918478716714148,945,GBPUSD
1786927456,1.0819470917638652,1.101,1.099,1.1391258040594285,108,XAUUSD
1786927456,1.0930025298930712,1.101,1.099,1.1106295323041713,647,EURUSD
1786928356,1.1057883113565186,1.101,1.099,1.092350543635522,138,GBPUSD
1786928356,1.1072123849972797,1.101,1.099,1.0865280071389247,512,USDJPY
1786928356,1.0919692486009973,1.101,1.099,1.1115600252907243,801,EURUSD
1786928356,1.0825517394521527,1.101,1.099,1.1384491631525808,616,XAUUSD
1786929256,1.0836828698368672,1.101,1.099,1.1391095275479306,915,XAUUSD
1786929256,1.0908910016974627,1.101,1.099,1.11298614157443,636,EURUSD
1786929256,1.1085349468434886,1.101,1.099,1.0856748556352773,883,USDJPY
1786929256,1.10788866198939,1.101,1.099,1.0922951908862881,470,GBPUSD
1786930156,1.1073762957162903,1.101,1.099,1.0903531190734979,600,GBPUSD
1786930156,1.110371972892781,1.101,1.099,1.0846805430205766,353,USDJPY
1786930156,1.0834852886590385,1.101,1.099,1.1395798685369671,598,XAUUSD
1786930156,1.0908872550936706,1.101,1.099,1.112871653452976,813,EURUSD
1786931056,1.1104949641684827,1.101,1.099,1.084863422362584,592,USDJPY
1786931056,1.1070005574327142,1.101,1.099,1.0917286593608897,464,GBPUSD
1786931056,1.0915482151447162,1.101,1.099,1.1132896376001515,805,EURUSD
1786931056,1.0834343709441054,1.101,1.099,1.141397118823338,253,XAUUSD
1786931956,1.083597303115388,1.101,1.099,1.141232337449044,712,XAUUSD
1786931956,1.1104649892671918,1.101,1.099,1.084666724207912,114,USDJPY
1786931956,1.1083945676923,1.101,1.099,1.091488036642137,929,GBPUSD
1786931956,1.0915398451017517,1.101,1.099,1.1137548044648595,164,EURUSD
1786932856,1.1086683484652942,1.101,1.099,1.088810449469375,123,GBPUSD
1786932856,1.083486993533884,1.101,1.099,1.1402496945102105,503,XAUUSD
1786932856,1.1100016082636621,1.101,1.099,1.0863932953953872,464,USDJPY
1786932856,1.0919342023536514,1.101,1.099,1.114301373119357,250,EURUSD
1786933756,1.093075963687306,1.101,1.099,1.1130661461826705,437,EURUSD
1786933756,1.108580555713913,1.101,1.099,1.0892303633675844,110,GBPUSD
1786933756,1.0828110744139146,1.101,1.099,1.1419286807899036,734,XAUUSD
1786933756,1.1108206986810705,1.101,1.099,1.0851864992312106,446,USDJPY
1786934656,1.1061473684055105,1.101,1.099,1.0883532601413108,300,GBPUSD
1786934656,1.0924500561355288,1.101,1.099,1.1112224571416334,678,EURUSD
1786934656,1.1089634724752868,1.101,1.099,1.0834211800207947,771,USDJPY
1786934656,1.0823612380983338,1.101,1.099,1.141118222178213,504,XAUUSD
1786935556,1.0856651109319708,1.101,1.099,1.1410621110685142,408,XAUUSD
1786935556,1.0919982072693633,1.101,1.099,1.1112141368420856,962,EURUSD
1786935556,1.1081381977558566,1.101,1.099,1.0832585888372799,217,USDJPY
1786935556,1.104441829790787,1.101,1.099,1.089442903078693,380,GBPUSD
1786936456,1.10471784997737,1.101,1.099,1.0897759998241368,616,GBPUSD
1786936456,1.1066339555604694,1.101,1.099,1.0845572305897893,218,USDJPY
1786936456,1.0928453911943954,1.101,1.099,1.111386351307751,135,EURUSD
1786936456,1.0866584609694812,1.101,1.099,1.142895496549798,788,XAUUSD
1786937356,1.092868736309035,1.101,1.099,1.1115274790814906,399,EURUSD
1786937356,1.0874947055773863,1.101,1.099,1.142879280499783,933,XAUUSD
1786937356,1.106112687649058,1.101,1.099,1.0836549155763733,664,USDJPY
1786937356,1.1054263910680118,1.101,1.099,1.0904035626439814,865,GBPUSD
1786938256,1.0886701106307572,1.101,1.099,1.1415659652955181,521,XAUUSD
1786938256,1.1059742143403686,1.101,1.099,1.082173500957072,376,USDJPY
1786938256,1.0918508337790171,1.101,1.099,1.113538743964216,417,EURUSD
1786938256,1.104433664466975,1.101,1.099,1.0910980417860472,369,GBPUSD
1786939156,1.1064933559193737,1.101,1.099,1.0812946189027781,917,USDJPY
1786939156,1.0894956647591867,1.101,1.099,1.1401482200785755,298,XAUUSD
1786939156,1.1049413756703177,1.101,1.099,1.0898335307776297,674,GBPUSD
1786939156,1.0911872126384137,1.101,1.099,1.1123826825047471,443,EURUSD
1786940056,1.0887898468146997,1.101,1.099,1.142286531032408,361,XAUUSD
1786940056,1.1052558836747572,1.101,1.099,1.0808625816377573,942,USDJPY
1786940056,1.0903230902931944,1.101,1.099,1.1112608151041699,525,EURUSD
1786940056,1.1043905530567115,1.101,1.099,1.0891474739126936,248,GBPUSD
1786940956,1.1059281114711874,1.101,1.099,1.0853455009684396,414,GBPUSD
1786940956,1.0885399951795653,1.101,1.099,1.1416815426936635,220,XAUUSD
1786940956,1.1037445162801454,1.101,1.099,1.0785444218400708,671,USDJPY
1786940956,1.0894475683705018,1.101,1.099,1.109202281536721,165,EURUSD
1786941856,1.1033663707968626,1.101,1.099,1.07895179479961,693,USDJPY
1786941856,1.10587203645989,1.101,1.099,1.0846882578760957,882,GBPUSD
1786941856,1.0888859289852661,1.101,1.099,1.1084196634188466,472,EURUSD
1786941856,1.0907502223458505,1.101,1.099,1.1427015329963015,372,XAUUSD
1786942756,1.0887500123597613,1.101,1.099,1.1087214522247202,137,EURUSD
1786942756,1.106863872900084,1.101,1.099,1.0829086042240081,803,GBPUSD
1786942756,1.102499879730934,1.101,1.099,1.079595504970542,756,USDJPY
1786942756,1.0906028877286575,1.101,1.099,1.1415912359708942,432,XAUUSD
1786943656,1.1094472922390899,1.101,1.099,1.0839564849126677,915,GBPUSD
1786943656,1.1029057006891012,1.101,1.099,1.0801308725317569,657,USDJPY
1786943656,1.0867866936608566,1.101,1.099,1.1084108640682566,702,EURUSD
1786943656,1.0901102294920564,1.101,1.099,1.1431367282866831,473,XAUUSD
1786944556,1.1026418532571314,1.101,1.099,1.0820775147012436,126,USDJPY
1786944556,1.0858110418401716,1.101,1.099,1.1081470003589216,772,EURUSD
1786944556,1.0891907807063386,1.101,1.099,1.1432617586340978,322,XAUUSD
1786944556,1.108043408191123,1.101,1.099,1.084353561107086,918,GBPUSD
1786945456,1.0850267070604698,1.101,1.099,1.1068792725625107,718,EURUSD
1786945456,1.1021840815298019,1.101,1.099,1.0815287223031762,883,USDJPY
1786945456,1.108360907516673,1.101,1.099,1.0837029761159018,669,GBPUSD
1786945456,1.0911518082735912,1.101,1.099,1.145499516583213,873,XAUUSD
1786946356,1.091173159618677,1.101,1.099,1.1457914100482633,309,XAUUSD
1786946356,1.1087080341836784,1.101,1.099,1.0826487485375011,425,GBPUSD
1786946356,1.1023020965129837,1.101,1.099,1.0807337146311966,460,USDJPY
1786946356,1.084559874669379,1.101,1.099,1.1059373395509786,882,EURUSD
1786947256,1.1079486088858088,1.101,1.099,1.080496215804665,706,GBPUSD
1786947256,1.092501317195137,1.101,1.099,1.1459715881395969,902,XAUUSD
1786947256,1.1033870577273095,1.101,1.099,1.080808343563939,587,USDJPY
1786947256,1.0846783569207359,1.101,1.099,1.104507012155603,535,EURUSD
1786948156,1.107992823278533,1.101,1.099,1.0809762254670705,363,GBPUSD
1786948156,1.102805582370742,1.101,1.099,1.0810860585175475,490,USDJPY
1786948156,1.084391362502232,1.101,1.099,1.1055342282273684,544,EURUSD
1786948156,1.0934798460075346,1.101,1.099,1.1464994429781117,611,XAUUSD
1786949056,1.1017600530605385,1.101,1.099,1.0804328369476686,985,USDJPY
1786949056,1.0865065341607634,1.101,1.099,1.1068634978565113,358,EURUSD
1786949056,1.0907349257072831,1.101,1.099,1.1441175257086724,471,XAUUSD
1786949056,1.1068863177780686,1.101,1.099,1.0818420930973458,891,GBPUSD
1786949956,1.102316410142052,1.101,1.099,1.0792230479056122,363,USDJPY
1786949956,1.088251879053445,1.101,1.099,1.1068707104041344,516,EURUSD
1786949956,1.106086805489753,1.101,1.099,1.0818471392810307,234,GBPUSD
1786949956,1.089136649052379,1.101,1.099,1.1435207506631742,878,XAUUSD
1786950856,1.1040769597187845,1.101,1.099,1.0809491003948895,496,GBPUSD
1786950856,1.0884759513750244,1.101,1.099,1.1064313288019882,500,EURUSD
1786950856,1.1010290363911426,1.101,1.099,1.0793531348678627,424,USDJPY
1786950856,1.0881270169815507,1.101,1.099,1.144686927977855,146,XAUUSD
1786951756,1.086565676943314,1.101,1.099,1.1063150478364694,191,EURUSD
1786951756,1.1008945458085275,1.101,1.099,1.0796554782864272,893,USDJPY
1786951756,1.087004368067033,1.101,1.099,1.144275622959,551,XAUUSD
1786951756,1.1050705310430877,1.101,1.099,1.0798212548269752,595,GBPUSD
1786952656,1.0857784056940232,1.101,1.099,1.1448877139423204,916,XAUUSD
1786952656,1.0999748692588238,1.101,1.099,1.0791521500251087,981,USDJPY
1786952656,1.1058153178227117,1.101,1.099,1.0808724878553493,901,GBPUSD
1786952656,1.0865195829912582,1.101,1.099,1.1077720062482959,205,EURUSD
1786953556,1.1073833946235507,1.101,1.099,1.0811343403971339,101,GBPUSD
1786953556,1.0863806165179675,1.101,1.099,1.1072277803436381,468,EURUSD
1786953556,1.0867010512994697,1.101,1.099,1.1455691321119745,228,XAUUSD
1786953556,1.0990251399863555,1.101,1.099,1.079724826559205,180,USDJPY
1786954456,1.1080629717607962,1.101,1.099,1.0822394767315313,310,GBPUSD
1786954456,1.0989661351258815,1.101,1.099,1.0807371806828738,310,USDJPY
1786954456,1.088749681993452,1.101,1.099,1.1451287856242323,806,XAUUSD
1786954456,1.0870183781265008,1.101,1.099,1.1085339303206945,845,EURUSD
1786955356,1.1052484887501124,1.101,1.099,1.0802958929635018,518,GBPUSD
1786955356,1.0857489776838036,1.101,1.099,1.1067180304495914,615,EURUSD
1786955356,1.088605496646169,1.101,1.099,1.144903961013493,558,XAUUSD
1786955356,1.0969758964324348,1.101,1.099,1.0807088401189537,605,USDJPY
1786956256,1.0978339156902959,1.101,1.099,1.0809455256263347,788,USDJPY
1786956256,1.0888006057004227,1.101,1.099,1.1437580109969843,706,XAUUSD
1786956256,1.085175147812415,1.101,1.099,1.1061600005963346,255,EURUSD
1786956256,1.1056133824918595,1.101,1.099,1.080500605599593,105,GBPUSD
1786957156,1.1055975542543077,1.101,1.099,1.0801776667379894,377,GBPUSD
1786957156,1.085793495564187,1.101,1.099,1.1065140724294382,552,EURUSD
1786957156,1.0885311092873164,1.101,1.099,1.1432565598495006,334,XAUUSD
1786957156,1.0985476340719094,1.101,1.099,1.0809557798543394,846,USDJPY
1786958056,1.1053813984340406,1.101,1.099,1.0804444737995564,260,GBPUSD
1786958056,1.1010002397712841,1.101,1.099,1.0814629613947089,703,USDJPY
1786958056,1.0861398873316672,1.101,1.099,1.1061568474424355,605,EURUSD
1786958056,1.0890479470304126,1.101,1.099,1.1424805774468683,698,XAUUSD
1786958956,1.0996034388021345,1.101,1.099,1.0811957671808325,942,USDJPY
1786958956,1.105257076065874,1.101,1.099,1.0802199423493666,899,GBPUSD
1786958956,1.0892167038621605,1.101,1.099,1.1417977088819316,337,XAUUSD
1786958956,1.085556193828289,1.101,1.099,1.1052623911786712,949,EURUSD
1786959856,1.0889704798874331,1.101,1.099,1.1405666729391999,405,XAUUSD
1786959856,1.0845310397702426,1.101,1.099,1.104327688898931,571,EURUSD
1786959856,1.1006485102411119,1.101,1.099,1.0809485807461394,925,USDJPY
1786959856,1.1035413398793725,1.101,1.099,1.0793070510804947,627,GBPUSD
1786960756,1.1049881683350864,1.101,1.099,1.0799322889968952,925,GBPUSD
1786960756,1.1003211283798333,1.101,1.099,1.0822350017472373,817,USDJPY
1786960756,1.0829699817964142,1.101,1.099,1.1048836921429184,612,EURUSD
1786960756,1.0889423153056197,1.101,1.099,1.1409838996812647,983,XAUUSD
1786961656,1.100073651226727,1.101,1.099,1.0824366663700216,336,USDJPY
1786961656,1.0843357647988836,1.101,1.099,1.1044167873533797,973,EURUSD
1786961656,1.1053872173848474,1.101,1.099,1.0802160895656379,128,GBPUSD
1786961656,1.0871559637591581,1.101,1.099,1.1397557943311913,841,XAUUSD
1786962556,1.08488404993936,1.101,1.099,1.105253209489684,708,EURUSD
1786962556,1.1049642462910787,1.101,1.099,1.080069641940989,582,GBPUSD
1786962556,1.0860851544202532,1.101,1.099,1.1409933086919681,599,XAUUSD
1786962556,1.1003809790735972,1.101,1.099,1.0839025681788603,211,USDJPY
1786963456,1.0867394749444264,1.101,1.099,1.1411228976413479,522,XAUUSD
1786963456,1.104971145826135,1.101,1.099,1.0797813492619632,146,GBPUSD
1786963456,1.1002610989419452,1.101,1.099,1.0840036090727967,160,USDJPY
1786963456,1.0839645588206668,1.101,1.099,1.1050672428192576,174,EURUSD
1786964356,1.083989874165757,1.101,1.099,1.1048507708486681,619,EURUSD
1786964356,1.1002772439132378,1.101,1.099,1.0823947525356745,244,USDJPY
1786964356,1.1062703101411095,1.101,1.099,1.0791231038836007,868,GBPUSD
1786964356,1.0884182069897363,1.101,1.099,1.13987333429126,290,XAUUSD
1786965256,1.100765626068951,1.101,1.099,1.0822897007954775,586,USDJPY
1786965256,1.1065257814924323,1.101,1.099,1.0792005665786866,626,GBPUSD
1786965256,1.0859140099346243,1.101,1.099,1.1372340652456172,886,XAUUSD
1786965256,1.0847655538658167,1.101,1.099,1.1043154801426764,210,EURUSD
1786966156,1.0861384008992256,1.101,1.099,1.1030272513471064,562,EURUSD
1786966156,1.1055431509692264,1.101,1.099,1.0778293878951122,415,GBPUSD
1786966156,1.0999209856168002,1.101,1.099,1.0831131432696368,123,USDJPY
1786966156,1.0866468002001948,1.101,1.099,1.1389776004526635,823,XAUUSD
1786967056,1.085279762198215,1.101,1.099,1.1379171380074555,315,XAUUSD
1786967056,1.1062329925935903,1.101,1.099,1.0788300646068318,451,GBPUSD
1786967056,1.0860126595380122,1.101,1.099,1.1024120942477784,782,EURUSD
1786967056,1.100168056640895,1.101,1.099,1.0849413120156985,969,USDJPY
1786967956,1.105988624497687,1.101,1.099,1.0802267879686023,591,GBPUSD
1786967956,1.0853281509888142,1.101,1.099,1.1380828996201091,825,XAUUSD
1786967956,1.09716007261716,1.101,1.099,1.084488092912972,401,USDJPY
1786967956,1.0868480192660417,1.101,1.099,1.101801471489592,934,EURUSD
1786968856,1.0856031477632957,1.101,1.099,1.1352995687884002,885,XAUUSD
1786968856,1.0976334881764171,1.101,1.099,1.0842546567326004,547,USDJPY
1786968856,1.0867244529943412,1.101,1.099,1.1039634106981624,670,EURUSD
1786968856,1.108274846485231,1.101,1.099,1.0824306111647939,467,GBPUSD
1786969756,1.0867958559680406,1.101,1.099,1.103403310462615,365,EURUSD
1786969756,1.0969495984024296,1.101,1.099,1.083313504047517,870,USDJPY
1786969756,1.1083285217702006,1.101,1.099,1.0836635737604416,171,GBPUSD
1786969756,1.0850034368904984,1.101,1.099,1.1370469162386587,925,XAUUSD
1786970656,1.1084849522043492,1.101,1.099,1.0846779434290832,254,GBPUSD
1786970656,1.0877144765816344,1.101,1.099,1.1356038723560409,973,XAUUSD
1786970656,1.096300324717231,1.101,1.099,1.0855706739755488,162,USDJPY
1786970656,1.0868958396618784,1.101,1.099,1.101956878375216,137,EURUSD
1786971556,1.0872914132197236,1.101,1.099,1.1021503286834822,796,EURUSD
1786971556,1.1096554348701873,1.101,1.099,1.0839718226929589,840,GBPUSD
1786971556,1.086932210330056,1.101,1.099,1.1363774183252877,482,XAUUSD
1786971556,1.0950441655410945,1.101,1.099,1.0870439788714872,308,USDJPY
1786972456,1.10975954510571,1.101,1.099,1.081071588590352,973,GBPUSD
1786972456,1.0853682804453675,1.101,1.099,1.1367450883733548,158,XAUUSD
1786972456,1.0873032637143352,1.101,1.099,1.1031118740444574,482,EURUSD
1786972456,1.096640452466566,1.101,1.099,1.0878888698486908,838,USDJPY
1786973356,1.0866760215232953,1.101,1.099,1.103461982740158,725,EURUSD
1786973356,1.0968730812067895,1.101,1.099,1.0866671759664148,498,USDJPY
1786973356,1.0846255159988902,1.101,1.099,1.1367341249285772,429,XAUUSD
1786973356,1.1094693073009265,1.101,1.099,1.0801929095215952,411,GBPUSD
1786974256,1.0869735859355643,1.101,1.099,1.1030434090383716,701,EURUSD
1786974256,1.0866639086151586,1.101,1.099,1.1362949993385336,958,XAUUSD
1786974256,1.109645726981435,1.101,1.099,1.0824083081521427,856,GBPUSD
1786974256,1.0962873154479678,1.101,1.099,1.0851217078736475,334,USDJPY
1786975156,1.0862298726768718,1.101,1.099,1.1375089646776209,196,XAUUSD
1786975156,1.1098996028434862,1.101,1.099,1.0833124837567585,275,GBPUSD
1786975156,1.0876004582827732,1.101,1.099,1.1021855700648842,582,EURUSD
1786975156,1.0963307705175478,1.101,1.099,1.0847927239862745,766,USDJPY
1786976056,1.0958996426422754,1.101,1.099,1.0846656223074707,119,USDJPY
1786976056,1.0853451176740048,1.101,1.099,1.137064063775154,647,XAUUSD
1786976056,1.086849187773288,1.101,1.099,1.1024301708727167,537,EURUSD
1786976056,1.1110404447712225,1.101,1.099,1.083598254628513,496,GBPUSD
1786976956,1.085366815603273,1.101,1.099,1.1364902441832958,849,XAUUSD
1786976956,1.110238099544056,1.101,1.099,1.0839347981272454,969,GBPUSD
1786976956,1.0957978800586288,1.101,1.099,1.0852243610697014,369,USDJPY
1786976956,1.086513251496443,1.101,1.099,1.1032847071351355,684,EURUSD
1786977856,1.1111612235787545,1.101,1.099,1.082925315004862,626,GBPUSD
1786977856,1.085972291203914,1.101,1.099,1.1361662648069488,176,XAUUSD
1786977856,1.0956943695589987,1.101,1.099,1.0856911607183442,292,USDJPY
1786977856,1.086841136580434,1.101,1.099,1.1011148183199013,871,EURUSD
1786978756,1.0953306924455242,1.101,1.099,1.0850773654339447,715,USDJPY
1786978756,1.0862794227801815,1.101,1.099,1.1365474249570484,932,XAUUSD
1786978756,1.0876708039402452,1.101,1.099,1.0988392023645226,829,EURUSD
1786978756,1.1109739420254532,1.101,1.099,1.0837704046376269,424,GBPUSD
1786979656,1.0887305799637883,1.101,1.099,1.0984651213215075,348,EURUSD
1786979656,1.085089321657611,1.101,1.099,1.1361391749814618,382,XAUUSD
1786979656,1.1092065765292656,1.101,1.099,1.0831749454251265,330,GBPUSD
1786979656,1.093676271906526,1.101,1.099,1.0851658697206308,932,USDJPY
1786980556,1.0927896784793873,1.101,1.099,1.0852408829880154,883,USDJPY
1786980556,1.0886683862325777,1.101,1.099,1.0989428283692992,761,EURUSD
1786980556,1.0833464185406534,1.101,1.099,1.1364563240704515,623,XAUUSD
1786980556,1.1085162859524043,1.101,1.099,1.0831692381073244,754,GBPUSD
1786981456,1.0903462385212581,1.101,1.099,1.0979256390673728,176,EURUSD
1786981456,1.1091666139038212,1.101,1.099,1.0841665036046235,385,GBPUSD
1786981456,1.0919308392056957,1.101,1.099,1.0864375424589512,652,USDJPY
1786981456,1.0823997851442457,1.101,1.099,1.1358481657849098,542,XAUUSD
1786982356,1.1090753406166995,1.101,1.099,1.0841851132326215,695,GBPUSD
1786982356,1.0831419102929924,1.101,1.099,1.1373337342169154,510,XAUUSD
1786982356,1.0919011147311135,1.101,1.099,1.0878070147322974,164,USDJPY
1786982356,1.092175837565403,1.101,1.099,1.0986836933231312,559,EURUSD
1786983256,1.0913990920703933,1.101,1.099,1.0979740235350723,173,EURUSD
1786983256,1.09083470329182,1.101,1.099,1.089917351199505,799,USDJPY
1786983256,1.1098940470082654,1.101,1.099,1.0827517396470436,215,GBPUSD
1786983256,1.0823950667590982,1.101,1.099,1.135871162947836,829,XAUUSD
1786984156,1.0820097338165224,1.101,1.099,1.1359816794345696,882,XAUUSD
1786984156,1.1100283972665606,1.101,1.099,1.08185775149219,342,GBPUSD
1786984156,1.0909483642245414,1.101,1.099,1.099048379466325,611,EURUSD
1786984156,1.0908805173880367,1.101,1.099,1.0912062147096064,639,USDJPY
1786985056,1.0924585448188655,1.101,1.099,1.0926242709012788,874,USDJPY
1786985056,1.0925326195494391,1.101,1.099,1.0998142639017634,808,EURUSD
1786985056,1.1102000271988537,1.101,1.099,1.079606929232243,403,GBPUSD
1786985056,1.0812962817240075,1.101,1.099,1.1366870587370668,708,XAUUSD
1786985956,1.0822550013078882,1.101,1.099,1.136157040246793,632,XAUUSD
1786985956,1.1110660591699646,1.101,1.099,1.079445901558605,349,GBPUSD
1786985956,1.0928519000591927,1.101,1.099,1.0935777920253995,804,USDJPY
1786985956,1.09301589619554,1.101,1.099,1.0985950260258572,760,EURUSD
1786986856,1.09448875768823,1.101,1.099,1.0970927930878418,479,EURUSD
1786986856,1.0829210155393096,1.101,1.099,1.136616012452062,190,XAUUSD
1786986856,1.1114326426124583,1.101,1.099,1.078635600395398,645,GBPUSD
1786986856,1.0919454466167668,1.101,1.099,1.0924546519867946,201,USDJPY
1786987756,1.0814814026051394,1.101,1.099,1.1366720299297035,859,XAUUSD
1786987756,1.0912552707999863,1.101,1.099,1.0924605317068379,526,USDJPY
1786987756,1.0935926958840458,1.101,1.099,1.0986227589674173,753,EURUSD
1786987756,1.111404038025991,1.101,1.099,1.076006896860648,791,GBPUSD
1786988656,1.0937572268776194,1.101,1.099,1.0973973561117811,171,EURUSD
1786988656,1.0818959798402101,1.101,1.099,1.1380133142474655,140,XAUUSD
1786988656,1.114112903943829,1.101,1.099,1.0760013718990857,111,GBPUSD
1786988656,1.0915285518499989,1.101,1.099,1.0917791398810957,250,USDJPY
1786989556,1.114116593644544,1.101,1.099,1.0752116832817145,384,GBPUSD
1786989556,1.0923958638903335,1.101,1.099,1.0960126685813856,100,EURUSD
1786989556,1.0920643643373071,1.101,1.099,1.0902596361775985,566,USDJPY
1786989556,1.0821728453132484,1.101,1.099,1.137994701750448,105,XAUUSD
1786990456,1.1143273659522834,1.101,1.099,1.075537062113387,302,GBPUSD
1786990456,1.092751364799996,1.101,1.099,1.097243474589147,556,EURUSD
1786990456,1.080850077381047,1.101,1.099,1.1392774472257143,655,XAUUSD
1786990456,1.0907607972145468,1.101,1.099,1.0898742733020736,205,USDJPY
1786991356,1.09025302026308,1.101,1.099,1.089680201222528,232,USDJPY
1786991356,1.0802917867068627,1.101,1.099,1.140152069833767,937,XAUUSD
1786991356,1.093337126822113,1.101,1.099,1.0967489563475232,965,EURUSD
1786991356,1.1150038855960065,1.101,1.099,1.0741988475607882,211,GBPUSD
1786992256,1.0813043196734011,1.101,1.099,1.1400590879038108,503,XAUUSD
1786992256,1.0895282156891282,1.101,1.099,1.0884609054538645,866,USDJPY
1786992256,1.114308856754618,1.101,1.099,1.0732012937650084,662,GBPUSD
1786992256,1.0939013385305407,1.101,1.099,1.097024675040455,876,EURUSD
1786993156,1.0944418494519046,1.101,1.099,1.096935787031966,106,EURUSD
1786993156,1.1131478891692916,1.101,1.099,1.0736530540330211,358,GBPUSD
1786993156,1.0909400351648353,1.101,1.099,1.087096095467747,746,USDJPY
1786993156,1.080650950190171,1.101,1.099,1.1394124512545944,326,XAUUSD
1786994056,1.1127318198704954,1.101,1.099,1.0711443986179163,384,GBPUSD
1786994056,1.0931221587945845,1.101,1.099,1.0878193402333554,899,USDJPY
1786994056,1.080551770122115,1.101,1.099,1.1392027900202077,707,XAUUSD
1786994056,1.0936430391484608,1.101,1.099,1.096933891240997,289,EURUSD
1786994956,1.0795760895555893,1.101,1.099,1.1386902105076722,780,XAUUSD
1786994956,1.1133791068630463,1.101,1.099,1.0707735068766575,696,GBPUSD
1786994956,1.0943764037679053,1.101,1.099,1.0968434154231208,441,EURUSD
1786994956,1.0924682960422605,1.101,1.099,1.0874817203495362,296,USDJPY
1786995856,1.0942459573652754,1.101,1.099,1.0958026026629224,625,EURUSD
1786995856,1.0916338498105502,1.101,1.099,1.088118057224361,274,USDJPY
1786995856,1.0797440847458704,1.101,1.099,1.1395265195194004,314,XAUUSD
1786995856,1.1151486439690226,1.101,1.099,1.071005818272067,888,GBPUSD
1786996756,1.1146664761086835,1.101,1.099,1.070796009116081,186,GBPUSD
1786996756,1.0785830221997614,1.101,1.099,1.1392064589881936,722,XAUUSD
1786996756,1.0923200594038245,1.101,1.099,1.0876818720905774,928,USDJPY
1786996756,1.0945385952840352,1.101,1.099,1.0957775575724482,242,EURUSD
1786997656,1.0959633522612047,1.101,1.099,1.0948191569179322,999,EURUSD
1786997656,1.0917033784516976,1.101,1.099,1.0877381073457215,664,USDJPY
1786997656,1.1170803519339652,1.101,1.099,1.071171607888576,967,GBPUSD
1786997656,1.0781648942269801,1.101,1.099,1.140420867221969,709,XAUUSD
1786998556,1.0793251599931446,1.101,1.099,1.140108448810454,265,XAUUSD
1786998556,1.116288457676193,1.101,1.099,1.0705197966253666,157,GBPUSD
1786998556,1.0910796879946363,1.101,1.099,1.0869557327184614,152,USDJPY
1786998556,1.0957914734374532,1.101,1.099,1.095246502196377,995,EURUSD
1786999456,1.0907989575735821,1.101,1.099,1.0867196507440102,695,USDJPY
1786999456,1.1133700191473621,1.101,1.099,1.0719591857275634,372,GBPUSD
1786999456,1.0942755448909913,1.101,1.099,1.0935745067770888,508,EURUSD
1786999456,1.0808805050971948,1.101,1.099,1.140014662735241,846,XAUUSD
1787000356,1.1115412306719434,1.101,1.099,1.0716101503640496,334,GBPUSD
1787000356,1.0939417741212647,1.101,1.099,1.0920837368155716,779,EURUSD
1787000356,1.0802082203628744,1.101,1.099,1.1405755454726692,879,XAUUSD
1787000356,1.0907433456777875,1.101,1.099,1.0866186757071885,414,USDJPY
1787001256,1.0802547388911772,1.101,1.099,1.1392741350438977,639,XAUUSD
1787001256,1.0895773418083612,1.101,1.099,1.087393438573259,385,USDJPY
1787001256,1.0937060437149735,1.101,1.099,1.0933030680952827,350,EURUSD
1787001256,1.1103799728314017,1.101,1.099,1.0722763239237596,733,GBPUSD
1787002156,1.0938611386349089,1.101,1.099,1.0932698490449195,745,EURUSD
1787002156,1.0893700990354032,1.101,1.099,1.0874056986656753,921,USDJPY
1787002156,1.1114195363517683,1.101,1.099,1.0724148013274708,416,GBPUSD
1787002156,1.0818161226960268,1.101,1.099,1.1387256516448316,411,XAUUSD
1787003056,1.0913646154909369,1.101,1.099,1.0876557238595914,541,USDJPY
1787003056,1.0937608637543828,1.101,1.099,1.0935126888176965,806,EURUSD
1787003056,1.0821528744491669,1.101,1.099,1.1403969724889955,785,XAUUSD
1787003056,1.1124241144064229,1.101,1.099,1.0727187368825541,465,GBPUSD
1787003956,1.0823540832038416,1.101,1.099,1.1414542002728474,470,XAUUSD
1787003956,1.093789022567586,1.101,1.099,1.0929920281171963,223,EURUSD
1787003956,1.1120103224755495,1.101,1.099,1.0727056372683397,194,GBPUSD
1787003956,1.0902148380474788,1.101,1.099,1.0882511838377111,777,USDJPY
1787004856,1.0939467534157792,1.101,1.099,1.0930394744792733,296,EURUSD
1787004856,1.1124632216255026,1.101,1.099,1.0730534996763217,391,GBPUSD
1787004856,1.0897263439557787,1.101,1.099,1.0891514202203003,440,USDJPY
1787004856,1.0816616481506467,1.101,1.099,1.1417020568617322,160,XAUUSD
1787005756,1.0917211782367848,1.101,1.099,1.0878885460349044,360,USDJPY
1787005756,1.1126705470409848,1.101,1.099,1.071303849717682,566,GBPUSD
1787005756,1.0809185831530477,1.101,1.099,1.142059928419756,759,XAUUSD
1787005756,1.0926937147949944,1.101,1.099,1.0922177861761122,477,EURUSD
1787006656,1.1125973559077296,1.101,1.099,1.071380039959594,809,GBPUSD
1787006656,1.0822358103141854,1.101,1.099,1.1408284982164036,413,XAUUSD
1787006656,1.0917793795685984,1.101,1.099,1.0889836169929505,508,USDJPY
1787006656,1.090784956802466,1.101,1.099,1.0941437478526668,560,EURUSD
1787007556,1.0808882370970707,1.101,1.099,1.1407224680577666,187,XAUUSD
1787007556,1.112719744893338,1.101,1.099,1.0717719588459675,593,GBPUSD
1787007556,1.0936641040100745,1.101,1.099,1.0890508023546734,841,USDJPY
1787007556,1.0890119503442144,1.101,1.099,1.0928054345399156,220,EURUSD
1787008456,1.088686943907322,1.101,1.099,1.0939123850590178,111,EURUSD
1787008456,1.113167448511907,1.101,1.099,1.0727155102530121,977,GBPUSD
1787008456,1.092863078411281,1.101,1.099,1.087878187278006,541,USDJPY
1787008456,1.0798049039727198,1.101,1.099,1.1398489587663991,689,XAUUSD
1787009356,1.1136317436671213,1.101,1.099,1.073049097512858,438,GBPUSD
1787009356,1.092033035209549,1.101,1.099,1.0873933084180687,469,USDJPY
1787009356,1.0802246979509618,1.101,1.099,1.1409012828574492,440,XAUUSD
1787009356,1.086459250475666,1.101,1.099,1.0949512414543248,877,EURUSD
1787010256,1.0816512151702615,1.101,1.099,1.1417053693568104,855,XAUUSD
1787010256,1.1135168614029003,1.101,1.099,1.0729261865801,817,GBPUSD
1787010256,1.0858608074019869,1.101,1.099,1.0963376940181775,360,EURUSD
1787010256,1.0918760549165503,1.101,1.099,1.0859484366492982,406,USDJPY
1787011156,1.0911044282724005,1.101,1.099,1.0863814522127404,798,USDJPY
1787011156,1.0862524234991942,1.101,1.099,1.0947527908133161,115,EURUSD
1787011156,1.1142082419965922,1.101,1.099,1.073452600709806,345,GBPUSD
1787011156,1.0819113920233387,1.101,1.099,1.1416520424851073,270,XAUUSD
1787012056,1.0867029943178397,1.101,1.099,1.094208312748695,516,EURUSD
1787012056,1.089315385674519,1.101,1.099,1.0885572200724278,504,USDJPY
1787012056,1.1133007605996026,1.101,1.099,1.0729702423206353,369,GBPUSD
1787012056,1.081229237581676,1.101,1.099,1.1399837814742164,924,XAUUSD
1787012956,1.1118525938626562,1.101,1.099,1.0725580955601588,505,GBPUSD
1787012956,1.0883580162955873,1.101,1.099,1.0879474595065903,333,USDJPY
1787012956,1.087870497757623,1.101,1.099,1.0940643929201714,417,EURUSD
1787012956,1.0816841428154216,1.101,1.099,1.1393670799477613,740,XAUUSD
1787013856,1.080905161487187,1.101,1.099,1.139563479636227,500,XAUUSD
1787013856,1.1111191131649913,1.101,1.099,1.0741308060496222,160,GBPUSD
1787013856,1.0882787131809055,1.101,1.099,1.08865511780403,334,USDJPY
1787013856,1.0894074423484268,1.101,1.099,1.0937748106536211,721,EURUSD
1787014756,1.109258820858752,1.101,1.099,1.0750714197047937,720,GBPUSD
1787014756,1.082211557542978,1.101,1.099,1.1402695749242733,311,XAUUSD
1787014756,1.0880395131506815,1.101,1.099,1.0893932954228696,293,USDJPY
1787014756,1.0891659407268477,1.101,1.099,1.0943758354243152,416,EURUSD
1787015656,1.0880893513065548,1.101,1.099,1.0879305514435018,425,USDJPY
1787015656,1.0816179793629166,1.101,1.099,1.1390590171360395,730,XAUUSD
1787015656,1.0882615136113971,1.101,1.099,1.0961622227257737,362,EURUSD
1787015656,1.1093407326168976,1.101,1.099,1.0761588128475206,219,GBPUSD
1787016556,1.0832784996180886,1.101,1.099,1.1382239948505792,504,XAUUSD
1787016556,1.108651683714343,1.101,1.099,1.0779058541544821,718,GBPUSD
1787016556,1.0881611352848912,1.101,1.099,1.0888056332925276,698,USDJPY
1787016556,1.0903590592327295,1.101,1.099,1.0957377915472235,956,EURUSD
1787017456,1.0909245121457785,1.101,1.099,1.0948717620726616,104,EURUSD
1787017456,1.087872231772112,1.101,1.099,1.0876209888739607,864,USDJPY
1787017456,1.083352780343573,1.101,1.099,1.1386765665462617,836,XAUUSD
1787017456,1.1089357097577484,1.101,1.099,1.0789418542284035,687,GBPUSD
1787018356,1.1081142190864237,1.101,1.099,1.0770289554067296,388,GBPUSD
1787018356,1.090894115030459,1.101,1.099,1.094975522382594,650,EURUSD
1787018356,1.0823432725953146,1.101,1.099,1.1376191550078858,258,XAUUSD
1787018356,1.089197829640148,1.101,1.099,1.0869094313132663,529,USDJPY
1787019256,1.082838850835608,1.101,1.099,1.1387445693286198,209,XAUUSD
1787019256,1.1065451093924117,1.101,1.099,1.0776054373516086,600,GBPUSD
1787019256,1.088593966612387,1.101,1.099,1.0873022017726506,468,USDJPY
1787019256,1.0896940653067695,1.101,1.099,1.0953969368719736,231,EURUSD
1787020156,1.0884730032781793,1.101,1.099,1.0948597835375309,773,EURUSD
1787020156,1.105654550733646,1.101,1.099,1.079635179387028,242,GBPUSD
1787020156,1.0813123814588332,1.101,1.099,1.1389594318462806,418,XAUUSD
1787020156,1.088395840252996,1.101,1.099,1.0877283983803612,794,USDJPY
1787021056,1.0888920859165754,1.101,1.099,1.0880647323471164,883,USDJPY
1787021056,1.0894637871412498,1.101,1.099,1.0936728961674465,257,EURUSD
1787021056,1.1065576379189348,1.101,1.099,1.080471823957979,943,GBPUSD
1787021056,1.08017135203146,1.101,1.099,1.1394879245159208,530,XAUUSD
1787021956,1.1046408136504986,1.101,1.099,1.0819745695320122,467,GBPUSD
1787021956,1.088856374256492,1.101,1.099,1.0874719646570896,197,USDJPY
1787021956,1.0804258669395972,1.101,1.099,1.1395425812592357,360,XAUUSD
1787021956,1.0903194857176457,1.101,1.099,1.0921756101006204,656,EURUSD
1787022856,1.0815378035584609,1.101,1.099,1.1382611538681884,731,XAUUSD
1787022856,1.089980574874313,1.101,1.099,1.0939165415305476,879,EURUSD
1787022856,1.088651076997295,1.101,1.099,1.0861170255229413,804,USDJPY
1787022856,1.1084066165700734,1.101,1.099,1.082619158731081,819,GBPUSD
1787023756,1.0885845510242338,1.101,1.099,1.0862881930787573,389,USDJPY
1787023756,1.1057887013994783,1.101,1.099,1.084346070191319,574,GBPUSD
1787023756,1.0892033472710902,1.101,1.099,1.0930551533022377,107,EURUSD
1787023756,1.0820698839918579,1.101,1.099,1.1379871753005708,293,XAUUSD
1787024656,1.0895072853493617,1.101,1.099,1.0923122385078963,622,EURUSD
1787024656,1.082227893176433,1.101,1.099,1.1377241451559363,715,XAUUSD
1787024656,1.106302894721045,1.101,1.099,1.0854573956567164,649,GBPUSD
1787024656,1.0876994245538059,1.101,1.099,1.0877560735254952,456,USDJPY
1787025556,1.081803035184662,1.101,1.099,1.1382080476272771,194,XAUUSD
1787025556,1.0909122212118438,1.101,1.099,1.0930414575946517,638,EURUSD
1787025556,1.085794630017096,1.101,1.099,1.0878955300509028,504,USDJPY
1787025556,1.1065848822025965,1.101,1.099,1.085806528952446,282,GBPUSD
1787026456,1.0867751295457715,1.101,1.099,1.0883239634795916,621,USDJPY
1787026456,1.0809716004040428,1.101,1.099,1.1376227962729786,510,XAUUSD
1787026456,1.1064774601774547,1.101,1.099,1.0859390911353832,798,GBPUSD
1787026456,1.091021415081002,1.101,1.099,1.093263940908288,513,EURUSD
1787027356,1.1068803922961088,1.101,1.099,1.0857063436544014,539,GBPUSD
1787027356,1.0903956776730679,1.101,1.099,1.0918870757780303,547,EURUSD
1787027356,1.0878358933288155,1.101,1.099,1.090392383926206,445,USDJPY
1787027356,1.0804894508221046,1.101,1.099,1.1370272669206534,542,XAUUSD
1787028256,1.080559717392582,1.101,1.099,1.135981750275114,896,XAUUSD
1787028256,1.1061530003027162,1.101,1.099,1.0833869481219929,813,GBPUSD
1787028256,1.087609987139428,1.101,1.099,1.0906956091800744,243,USDJPY
1787028256,1.0908241537435888,1.101,1.099,1.0930461702779766,839,EURUSD
1787029156,1.0797697137152282,1.101,1.099,1.1359393091393188,171,XAUUSD
1787029156,1.0900353314770093,1.101,1.099,1.0920271632239846,958,EURUSD
1787029156,1.1055985173275034,1.101,1.099,1.0838734853585559,188,GBPUSD
1787029156,1.0861700029187669,1.101,1.099,1.0915736430801706,687,USDJPY
1787030056,1.078763463825794,1.101,1.099,1.1353889942920254,605,XAUUSD
1787030056,1.1052496438572117,1.101,1.099,1.082970491218515,854,GBPUSD
1787030056,1.0885814693895586,1.101,1.099,1.0919242275004308,203,EURUSD
1787030056,1.0875757984367131,1.101,1.099,1.089883725354972,629,USDJPY
1787030956,1.1057681923186493,1.101,1.099,1.0826775631230035,456,GBPUSD
1787030956,1.08722217667564,1.101,1.099,1.092549907115082,606,EURUSD
1787030956,1.0863687542578955,1.101,1.099,1.0919289672460974,622,USDJPY
1787030956,1.0781179540404293,1.101,1.099,1.1360038575534288,645,XAUUSD
1787031856,1.079042185253405,1.101,1.099,1.136639769695312,228,XAUUSD
1787031856,1.0858479312585108,1.101,1.099,1.0916910067435277,645,USDJPY
1787031856,1.088322908768902,1.101,1.099,1.0912319137332636,398,EURUSD
1787031856,1.104790319349393,1.101,1.099,1.0840239958479774,940,GBPUSD
1787032756,1.0870643348057356,1.101,1.099,1.092036590619964,611,USDJPY
1787032756,1.0775490039682876,1.101,1.099,1.1358118936314099,317,XAUUSD
1787032756,1.1072155222062807,1.101,1.099,1.0834007219645987,539,GBPUSD
1787032756,1.0886575984509517,1.101,1.099,1.0920759159949316,744,EURUSD
1787033656,1.0902416007437283,1.101,1.099,1.091201337495436,761,EURUSD
1787033656,1.104523363168983,1.101,1.099,1.0855645964910452,967,GBPUSD
1787033656,1.0773841468167458,1.101,1.099,1.136434767377229,484,XAUUSD
1787033656,1.087763105586744,1.101,1.099,1.0938747731367333,636,USDJPY
1787034556,1.0901776142532857,1.101,1.099,1.0909605011331809,517,EURUSD
1787034556,1.0778694554524468,1.101,1.099,1.136596074845851,485,XAUUSD
1787034556,1.106372810969982,1.101,1.099,1.0861264138193005,854,GBPUSD
1787034556,1.0893952972670582,1.101,1.099,1.0930906899577553,112,USDJPY
1787035456,1.077359950459777,1.101,1.099,1.1353264513604473,832,XAUUSD
1787035456,1.0887618057936512,1.101,1.099,1.0934014000924912,349,USDJPY
1787035456,1.0888579677180823,1.101,1.099,1.0899835604250225,340,EURUSD
1787035456,1.106287353952626,1.101,1.099,1.0856009268878521,882,GBPUSD
1787036356,1.0895802928929774,1.101,1.099,1.0935152062198654,716,USDJPY
1787036356,1.0902934456898499,1.101,1.099,1.0882321928225993,968,EURUSD
1787036356,1.1077489302908485,1.101,1.099,1.0857709845649661,681,GBPUSD
1787036356,1.076225121527956,1.101,1.099,1.1360895408279426,640,XAUUSD
1787037256,1.0901011086937769,1.101,1.099,1.0934260685346366,411,USDJPY
1787037256,1.109487232101789,1.101,1.099,1.0853777517493153,375,GBPUSD
1787037256,1.0770104301971282,1.101,1.099,1.1368562062146699,105,XAUUSD
1787037256,1.0899228118449256,1.101,1.099,1.0886479440740353,612,EURUSD
1787038156,1.0899339504636472,1.101,1.099,1.0921982120905636,267,USDJPY
1787038156,1.0904008478802665,1.101,1.099,1.088237109151738,236,EURUSD
1787038156,1.111272250059576,1.101,1.099,1.0856493560266527,506,GBPUSD
1787038156,1.0769491018569644,1.101,1.099,1.1367480482027335,159,XAUUSD
1787039056,1.0896835102032991,1.101,1.099,1.0898186371993732,445,USDJPY
1787039056,1.1115175002930602,1.101,1.099,1.08539172036179,836,GBPUSD
1787039056,1.0899588675150427,1.101,1.099,1.0881427105598136,795,EURUSD
1787039056,1.076725178457537,1.101,1.099,1.1360641033158516,361,XAUUSD
1787039956,1.0768910138193684,1.101,1.099,1.1371351769219433,463,XAUUSD
1787039956,1.0905245879362555,1.101,1.099,1.0872539386990412,483,EURUSD
1787039956,1.1129982771153881,1.101,1.099,1.084955975557701,543,GBPUSD
1787039956,1.0897970626572455,1.101,1.099,1.0899901693944742,609,USDJPY
1787040856,1.0893656904565845,1.101,1.099,1.088718128555225,555,USDJPY
1787040856,1.1129887915717342,1.101,1.099,1.0839288094830646,851,GBPUSD
1787040856,1.0768486808167408,1.101,1.099,1.1382992796482552,778,XAUUSD
1787040856,1.0902560744411003,1.101,1.099,1.0858801337158732,180,EURUSD
1787041756,1.1138335040670475,1.101,1.099,1.0847101137164097,128,GBPUSD
1787041756,1.076944676451279,1.101,1.099,1.1383850651074672,643,XAUUSD
1787041756,1.0890683038226054,1.101,1.099,1.0868040146536648,513,EURUSD
1787041756,1.0896610051617066,1.101,1.099,1.0878347771678374,931,USDJPY
1787042656,1.0883260238264865,1.101,1.099,1.0861678278057207,568,EURUSD
1787042656,1.0889844723890598,1.101,1.099,1.0872760092974763,539,USDJPY
1787042656,1.0771973660433793,1.101,1.099,1.1381156236482948,756,XAUUSD
1787042656,1.1115127758993046,1.101,1.099,1.086746775766365,846,GBPUSD
1787043556,1.113471615494206,1.101,1.099,1.0858619564223484,951,GBPUSD
1787043556,1.0777408007562854,1.101,1.099,1.137720424688123,942,XAUUSD
1787043556,1.0882826108218833,1.101,1.099,1.0863091828978106,725,EURUSD
1787043556,1.0893594574906775,1.101,1.099,1.0884552051415428,120,USDJPY
1787044456,1.089494887243637,1.101,1.099,1.0907701187921208,535,USDJPY
1787044456,1.0773286113439227,1.101,1.099,1.1390725632739749,503,XAUUSD
1787044456,1.089090564671878,1.101,1.099,1.0869907141654196,166,EURUSD
1787044456,1.1129898258823303,1.101,1.099,1.0842942540763683,284,GBPUSD
1787045356,1.0888516398021866,1.101,1.099,1.0888078763321236,427,USDJPY
1787045356,1.0876295481324123,1.101,1.099,1.0875529238177843,202,EURUSD
1787045356,1.0767573731948814,1.101,1.099,1.139367539051913,526,XAUUSD
1787045356,1.1112232477400577,1.101,1.099,1.0841779794128792,594,GBPUSD
1787046256,1.1107340554458294,1.101,1.099,1.0830046412735768,555,GBPUSD
1787046256,1.0760718301737038,1.101,1.099,1.1397472886682782,351,XAUUSD
1787046256,1.0881902182358418,1.101,1.099,1.0884896821873375,431,EURUSD
1787046256,1.0885888755584148,1.101,1.099,1.089642145289297,721,USDJPY
1787047156,1.0873692590093944,1.101,1.099,1.0893412945396486,394,EURUSD
1787047156,1.075404537264133,1.101,1.099,1.1383432118809262,313,XAUUSD
1787047156,1.1117388823876444,1.101,1.099,1.0830597726705038,237,GBPUSD
1787047156,1.0895801440220492,1.101,1.099,1.0885984810344536,211,USDJPY
1787048056,1.0905649375275215,1.101,1.099,1.0911637588591443,152,USDJPY
1787048056,1.0760367265515898,1.101,1.099,1.1391361707827752,883,XAUUSD
1787048056,1.1116851732019424,1.101,1.099,1.0836916747885745,831,GBPUSD
1787048056,1.08622990483665,1.101,1.099,1.08820061881829,768,EURUSD
1787048956,1.1106924414065387,1.101,1.099,1.0842207642205046,324,GBPUSD
1787048956,1.0856577291810499,1.101,1.099,1.088864425388919,881,EURUSD
1787048956,1.077521912643271,1.101,1.099,1.1387118355084833,624,XAUUSD
1787048956,1.090492859885992,1.101,1.099,1.0920954884431333,608,USDJPY
1787049856,1.0892349958549938,1.101,1.099,1.0900467720709004,227,USDJPY
1787049856,1.0762908807686338,1.101,1.099,1.1398912688556515,866,XAUUSD
1787049856,1.0861011558655784,1.101,1.099,1.0874358665331836,250,EURUSD
1787049856,1.1107936244939376,1.101,1.099,1.0835388596070823,455,GBPUSD
1787050756,1.1107465944645778,1.101,1.099,1.081889937632247,978,GBPUSD
1787050756,1.0853473245659857,1.101,1.099,1.0887171175291808,703,EURUSD
1787050756,1.0759995110640046,1.101,1.099,1.1389327308582113,110,XAUUSD
1787050756,1.0894227564830672,1.101,1.099,1.0900800276720133,601,USDJPY
1787051656,1.0890800063172377,1.101,1.099,1.0893319947491733,284,USDJPY
1787051656,1.0751142495946073,1.101,1.099,1.1390550443394138,732,XAUUSD
1787051656,1.0864066664340453,1.101,1.099,1.0883487181689682,969,EURUSD
1787051656,1.1115518980238728,1.101,1.099,1.0828516960921526,560,GBPUSD
1787052556,1.0747466580763205,1.101,1.099,1.1392664322696728,935,XAUUSD
1787052556,1.0875330517774195,1.101,1.099,1.086948624492196,235,EURUSD
1787052556,1.088169647486733,1.101,1.099,1.089856041419446,136,USDJPY
1787052556,1.1101219312379598,1.101,1.099,1.0824674386881474,586,GBPUSD
1787053456,1.0869191720408622,1.101,1.099,1.0852397926791095,307,EURUSD
1787053456,1.075256956673937,1.101,1.099,1.1394294761754253,121,XAUUSD
1787053456,1.0877629709022176,1.101,1.099,1.0905994876495342,912,USDJPY
1787053456,1.1095940234544248,1.101,1.099,1.0829128828727548,685,GBPUSD
1787054356,1.0751637373781582,1.101,1.099,1.1403816432022917,404,XAUUSD
1787054356,1.0880741052280307,1.101,1.099,1.0907403225643157,465,USDJPY
1787054356,1.1079627354441433,1.101,1.099,1.0851705313737,596,GBPUSD
1787054356,1.0878224848017068,1.101,1.099,1.0833129450798469,455,EURUSD
1787055256,1.1079558579635815,1.101,1.099,1.085201359352321,631,GBPUSD
1787055256,1.0882620369344518,1.101,1.099,1.0897780164135025,448,USDJPY
1787055256,1.0873338243362523,1.101,1.099,1.0838063420911186,802,EURUSD
1787055256,1.0755357845856686,1.101,1.099,1.1402430442309717,381,XAUUSD
1787056156,1.0911463953959302,1.101,1.099,1.08832356479547,735,USDJPY
1787056156,1.0869391719058294,1.101,1.099,1.0846528970152014,756,EURUSD
1787056156,1.0754946774484977,1.101,1.099,1.1411262627692882,804,XAUUSD
1787056156,1.1077546627475514,1.101,1.099,1.085278620365927,322,GBPUSD
1787057056,1.0862406768640032,1.101,1.099,1.0852351174338626,767,EURUSD
1787057056,1.073703178632358,1.101,1.099,1.1391574928590165,210,XAUUSD
1787057056,1.1083482450311413,1.101,1.099,1.084025730753005,765,GBPUSD
1787057056,1.0911471206743486,1.101,1.099,1.0892428908545746,973,USDJPY
1787057956,1.0858505070881097,1.101,1.099,1.0850956705189956,372,EURUSD
1787057956,1.1089866209540211,1.101,1.099,1.0844086999236442,512,GBPUSD
1787057956,1.0924918011968903,1.101,1.099,1.087355441466488,278,USDJPY
1787057956,1.0722083406041054,1.101,1.099,1.1395005345250921,657,XAUUSD
1787058856,1.1082386797710584,1.101,1.099,1.0861872605678926,708,GBPUSD
1787058856,1.0732594424190172,1.101,1.099,1.1387320477084415,958,XAUUSD
1787058856,1.0928906082400434,1.101,1.099,1.0860766558924968,138,USDJPY
1787058856,1.0845822301898447,1.101,1.099,1.0855365982649225,537,EURUSD
1787059756,1.1094240367166046,1.101,1.099,1.084955826730591,248,GBPUSD
1787059756,1.083094262916321,1.101,1.099,1.0854791044987304,693,EURUSD
1787059756,1.0930464682788603,1.101,1.099,1.087624747191807,283,USDJPY
1787059756,1.0725163353554512,1.101,1.099,1.1382840045120979,382,XAUUSD
1787060656,1.0827566273120106,1.101,1.099,1.0857400054954185,949,EURUSD
1787060656,1.0923953922170586,1.101,1.099,1.087629034540665,618,USDJPY
1787060656,1.1087973752776117,1.101,1.099,1.0848890354417264,961,GBPUSD
1787060656,1.0710896684105013,1.101,1.099,1.1379869048052929,381,XAUUSD
1787061556,1.0703591280980749,1.101,1.099,1.137482374321891,132,XAUUSD
1787061556,1.0837068644973926,1.101,1.099,1.0862222758010465,961,EURUSD
1787061556,1.092288700613328,1.101,1.099,1.0869674733984458,780,USDJPY
1787061556,1.109919303320434,1.101,1.099,1.0851814029110205,495,GBPUSD
1787062456,1.0683445494582593,1.101,1.099,1.137238220789405,370,XAUUSD
1787062456,1.0846580557962329,1.101,1.099,1.0873889593035804,222,EURUSD
1787062456,1.1088649943963274,1.101,1.099,1.0843930669319821,213,GBPUSD
1787062456,1.0924518697386794,1.101,1.099,1.0866209767171746,788,USDJPY
1787063356,1.091221010129409,1.101,1.099,1.0869007141702838,586,USDJPY
1787063356,1.0866658026704799,1.101,1.099,1.0850898128365698,783,EURUSD
1787063356,1.067498668330069,1.101,1.099,1.1386863920369594,970,XAUUSD
1787063356,1.106197936168651,1.101,1.099,1.084115280877766,471,GBPUSD
1787064256,1.0879714068235908,1.101,1.099,1.0856769959355954,445,EURUSD
1787064256,1.0663213892701127,1.101,1.099,1.1381116125309112,506,XAUUSD
1787064256,1.1053184027046379,1.101,1.099,1.0836103890924595,920,GBPUSD
1787064256,1.0895952913414397,1.101,1.099,1.0860401047557968,523,USDJPY
1787065156,1.065739897245727,1.101,1.099,1.1372957652906257,325,XAUUSD
1787065156,1.089162907134455,1.101,1.099,1.0873326840799011,912,USDJPY
1787065156,1.1033659137011962,1.101,1.099,1.0812329509891325,458,GBPUSD
1787065156,1.0875174763041446,1.101,1.099,1.0857157732995046,544,EURUSD
1787066056,1.088023791387591,1.101,1.099,1.0868231022108572,522,EURUSD
1787066056,1.0891218276884456,1.101,1.099,1.088322886278404,733,USDJPY
1787066056,1.1045569043443666,1.101,1.099,1.081579398628885,189,GBPUSD
1787066056,1.0649396792155632,1.101,1.099,1.135318112720191,621,XAUUSD
1787066956,1.0887255418368547,1.101,1.099,1.0883546912587394,131,EURUSD
1787066956,1.0653912155764826,1.101,1.099,1.1378597937182584,660,XAUUSD
1787066956,1.0889270549554153,1.101,1.099,1.0864303875328538,932,USDJPY
1787066956,1.1061181449499367,1.101,1.099,1.081027184922521,403,GBPUSD
1787067856,1.0879664321610265,1.101,1.099,1.085419337283383,531,USDJPY
1787067856,1.1074060572639652,1.101,1.099,1.0815629138492397,336,GBPUSD
1787067856,1.0887417880852939,1.101,1.099,1.0892549103417783,565,EURUSD
1787067856,1.0651711697279722,1.101,1.099,1.1363305392742338,729,XAUUSD
1787068756,1.1086713108240278,1.101,1.099,1.0815187750995345,189,GBPUSD
1787068756,1.0661117509421456,1.101,1.099,1.137208525506682,832,XAUUSD
1787068756,1.0885729598992655,1.101,1.099,1.086192089400764,651,USDJPY
1787068756,1.087156212768516,1.101,1.099,1.0899736654889889,570,EURUSD
1787069656,1.0862909483146683,1.101,1.099,1.0898748006796743,817,EURUSD
1787069656,1.1091117742986023,1.101,1.099,1.0822653365204766,368,GBPUSD
1787069656,1.089234075816366,1.101,1.099,1.0872353039460765,486,USDJPY
1787069656,1.0670772827016637,1.101,1.099,1.1362650597760522,138,XAUUSD
1787070556,1.067580129052499,1.101,1.099,1.136854265902258,814,XAUUSD
1787070556,1.0874633543295862,1.101,1.099,1.0877043390761898,569,USDJPY
1787070556,1.1101154864581475,1.101,1.099,1.083075708850091,176,GBPUSD
1787070556,1.084192403371358,1.101,1.099,1.0883799204293667,833,EURUSD
1787071456,1.0850440740216438,1.101,1.099,1.0881872300609066,676,EURUSD
1787071456,1.1088800139216455,1.101,1.099,1.0823817794462491,458,GBPUSD
1787071456,1.0681894269989065,1.101,1.099,1.1383650430698085,724,XAUUSD
1787071456,1.0877730081617103,1.101,1.099,1.0888073435995413,388,USDJPY
1787072356,1.0680682139982023,1.101,1.099,1.1380010402340195,678,XAUUSD
1787072356,1.0880565285035393,1.101,1.099,1.0892702843214623,846,USDJPY
1787072356,1.1073897019109296,1.101,1.099,1.0812281302613136,910,GBPUSD
1787072356,1.085730575656545,1.101,1.099,1.088909621276198,936,EURUSD
1787073256,1.0849110094175833,1.101,1.099,1.0891886313882821,444,EURUSD
1787073256,1.1069533114084418,1.101,1.099,1.0812195187230715,335,GBPUSD
1787073256,1.0680826016379117,1.101,1.099,1.139112021005053,217,XAUUSD
1787073256,1.088210892256047,1.101,1.099,1.0893484367243194,570,USDJPY
1787074156,1.0691507653855843,1.101,1.099,1.1405151298357559,267,XAUUSD
1787074156,1.0881145464641608,1.101,1.099,1.090144222070869,701,USDJPY
1787074156,1.1072949820565363,1.101,1.099,1.0814373839235256,918,GBPUSD
1787074156,1.085152374802145,1.101,1.099,1.0905306370802652,102,EURUSD
1787075056,1.08898736200028,1.101,1.099,1.0895122326362736,690,USDJPY
1787075056,1.0670435571660384,1.101,1.099,1.1397139702731156,821,XAUUSD
1787075056,1.0854973960285297,1.101,1.099,1.0902687206304955,484,EURUSD
1787075056,1.107799286439437,1.101,1.099,1.082015924044935,774,GBPUSD
1787075956,1.1069734752786728,1.101,1.099,1.079506637913108,249,GBPUSD
1787075956,1.0850405849622993,1.101,1.099,1.0898189049960976,837,EURUSD
1787075956,1.087713994150042,1.101,1.099,1.0869926152812905,510,USDJPY
1787075956,1.0678244753246724,1.101,1.099,1.1392633819229738,222,XAUUSD
1787076856,1.106529326052883,1.101,1.099,1.0801940406402575,577,GBPUSD
1787076856,1.087538477327989,1.101,1.099,1.086309365294774,321,USDJPY
1787076856,1.0685309380832104,1.101,1.099,1.1398865946083079,439,XAUUSD
1787076856,1.0850074821573816,1.101,1.099,1.0906731787893305,197,EURUSD
1787077756,1.105584274537539,1.101,1.099,1.0800789621469309,480,GBPUSD
1787077756,1.0882279679733633,1.101,1.099,1.0850311037674214,997,USDJPY
1787077756,1.0851877126360967,1.101,1.099,1.0915078655606858,652,EURUSD
1787077756,1.0684072248180123,1.101,1.099,1.1395097447879932,576,XAUUSD
1787078656,1.068394594259728,1.101,1.099,1.138488725740756,859,XAUUSD
1787078656,1.1057166636974556,1.101,1.099,1.0792308220062068,418,GBPUSD
1787078656,1.084370021707495,1.101,1.099,1.09147739433144,579,EURUSD
1787078656,1.0904800946419697,1.101,1.099,1.0836635581898135,441,USDJPY
1787079556,1.067322484368067,1.101,1.099,1.1392331456820175,190,XAUUSD
1787079556,1.1053195906839868,1.101,1.099,1.078686319242171,528,GBPUSD
1787079556,1.0845376608985922,1.101,1.099,1.0902973116507593,806,EURUSD
1787079556,1.0904258550180623,1.101,1.099,1.0832482235216998,778,USDJPY
1787080456,1.0679190521462327,1.101,1.099,1.1394476073760036,254,XAUUSD
1787080456,1.0857834761330543,1.101,1.099,1.0922773772196128,506,EURUSD
1787080456,1.1053269093584845,1.101,1.099,1.0786757861736582,414,GBPUSD
1787080456,1.09056693707722,1.101,1.099,1.0826291903728322,886,USDJPY
1787081356,1.090384284411327,1.101,1.099,1.0826097286221208,723,USDJPY
1787081356,1.0680718346016245,1.101,1.099,1.1377029579201017,457,XAUUSD
1787081356,1.0861192980201446,1.101,1.099,1.0899042202400324,404,EURUSD
1787081356,1.1076076861105923,1.101,1.099,1.0792966726313111,990,GBPUSD
1787082256,1.1066766352945887,1.101,1.099,1.0780712341583005,961,GBPUSD
1787082256,1.0878351629265532,1.101,1.099,1.0884867677383405,935,EURUSD
1787082256,1.065843202021412,1.101,1.099,1.13764785832276,975,XAUUSD
1787082256,1.0928008929074262,1.101,1.099,1.0830614062707857,873,USDJPY
1787083156,1.08698836226185,1.101,1.099,1.0887074513021728,198,EURUSD
1787083156,1.1059893099243756,1.101,1.099,1.0791800582849809,135,GBPUSD
1787083156,1.0930158871151945,1.101,1.099,1.0826299104747887,675,USDJPY
1787083156,1.0674408436753713,1.101,1.099,1.138787637541403,750,XAUUSD
1787084056,1.1045472519604373,1.101,1.099,1.0778637165275542,779,GBPUSD
1787084056,1.0945873100494872,1.101,1.099,1.0824139705798748,540,USDJPY
1787084056,1.087294424850627,1.101,1.099,1.0886949155713401,614,EURUSD
1787084056,1.0664013878399652,1.101,1.099,1.1386182741640192,516,XAUUSD
1787084956,1.0939996518464201,1.101,1.099,1.0823334542959036,630,USDJPY
1787084956,1.0882299058017788,1.101,1.099,1.088879933380138,925,EURUSD
1787084956,1.065511268368841,1.101,1.099,1.136414437131079,471,XAUUSD
1787084956,1.1033168331750667,1.101,1.099,1.078408654812179,276,GBPUSD
1787085856,1.1022507139559277,1.101,1.099,1.079063100570242,597,GBPUSD
1787085856,1.0876660709562198,1.101,1.099,1.0908123750827214,935,EURUSD
1787085856,1.0933901337830807,1.101,1.099,1.083108578465947,223,USDJPY
1787085856,1.0663170013930703,1.101,1.099,1.137224595919427,245,XAUUSD
1787086756,1.088383905524947,1.101,1.099,1.0896665345809478,372,EURUSD
1787086756,1.1033506218946247,1.101,1.099,1.0783170488927745,982,GBPUSD
1787086756,1.0924960381171656,1.101,1.099,1.0819910980017242,669,USDJPY
1787086756,1.0660701406305193,1.101,1.099,1.1390714326006561,103,XAUUSD
1787087656,1.086091420386465,1.101,1.099,1.0907800833058157,190,EURUSD
1787087656,1.0674147950822737,1.101,1.099,1.1402780483061379,563,XAUUSD
1787087656,1.0944263453196235,1.101,1.099,1.0825239748200717,601,USDJPY
1787087656,1.1032809373173988,1.101,1.099,1.0774644231561248,143,GBPUSD
1787088556,1.0864113982431562,1.101,1.099,1.0915541026451725,945,EURUSD
1787088556,1.0945205332133068,1.101,1.099,1.0819093913129603,969,USDJPY
1787088556,1.0675791630767355,1.101,1.099,1.1409498406631753,175,XAUUSD
1787088556,1.1021843018295414,1.101,1.099,1.0756674989973019,741,GBPUSD
1787089456,1.0939253424976203,1.101,1.099,1.0829924994497921,500,USDJPY
1787089456,1.0672766625940842,1.101,1.099,1.1400748046997131,624,XAUUSD
1787089456,1.0864260156230812,1.101,1.099,1.0909671541883712,969,EURUSD
1787089456,1.1016634577922597,1.101,1.099,1.0747028452098362,689,GBPUSD
1787090356,1.1015343094839343,1.101,1.099,1.0752698775932608,955,GBPUSD
1787090356,1.0866693575362327,1.101,1.099,1.0904909188859484,667,EURUSD
1787090356,1.066408128014594,1.101,1.099,1.1406959091878883,651,XAUUSD
1787090356,1.0948386059069521,1.101,1.099,1.0820579523749467,839,USDJPY
1787091256,1.0871858399488827,1.101,1.099,1.0905733090953538,813,EURUSD
1787091256,1.094313691749172,1.101,1.099,1.080849856178631,430,USDJPY
1787091256,1.0661510886709002,1.101,1.099,1.142432106650527,621,XAUUSD
1787091256,1.1013607354160555,1.101,1.099,1.0747470991553305,503,GBPUSD
1787092156,1.0940132910389844,1.101,1.099,1.0796750187348927,160,USDJPY
1787092156,1.087724788245226,1.101,1.099,1.090041014405046,359,EURUSD
1787092156,1.06724801696123,1.101,1.099,1.141945214264849,504,XAUUSD
1787092156,1.101194475265026,1.101,1.099,1.075002544941272,939,GBPUSD
1787093056,1.0934984177212377,1.101,1.099,1.079796154721196,861,USDJPY
1787093056,1.089374780602491,1.101,1.099,1.088548158353153,398,EURUSD
1787093056,1.1012287763141397,1.101,1.099,1.0742763007440064,277,GBPUSD
1787093056,1.0670897830445245,1.101,1.099,1.1421329825266457,590,XAUUSD
1787093956,1.1000622375119817,1.101,1.099,1.0748920157949697,118,GBPUSD
1787093956,1.067824057476465,1.101,1.099,1.1417654577549647,121,XAUUSD
1787093956,1.0948220812635392,1.101,1.099,1.081486662943119,887,USDJPY
1787093956,1.0888640734972683,1.101,1.099,1.0879099833303099,857,EURUSD
1787094856,1.0954345475919842,1.101,1.099,1.0826603067650735,830,USDJPY
1787094856,1.1000014653128314,1.101,1.099,1.0725834829125056,742,GBPUSD
1787094856,1.0891702911944803,1.101,1.099,1.0880263941720651,989,EURUSD
1787094856,1.06831212107037,1.101,1.099,1.14217506352005,587,XAUUSD
1787095756,1.0987976472506988,1.101,1.099,1.0744084303474222,501,GBPUSD
1787095756,1.0690097070501559,1.101,1.099,1.1423864401913963,170,XAUUSD
1787095756,1.0893481168874644,1.101,1.099,1.0885031066927964,609,EURUSD
1787095756,1.0947845388262838,1.101,1.099,1.0836612336198979,705,USDJPY
1787096656,1.089291492099775,1.101,1.099,1.0875035522135468,117,EURUSD
1787096656,1.0996388774252819,1.101,1.099,1.0745483821936657,498,GBPUSD
1787096656,1.0963206477979357,1.101,1.099,1.0838808471279313,877,USDJPY
1787096656,1.0682861812723308,1.101,1.099,1.1422346514138806,785,XAUUSD
1787097556,1.0959649698990659,1.101,1.099,1.083509767825993,613,USDJPY
1787097556,1.0680848844523425,1.101,1.099,1.1426040348136082,389,XAUUSD
1787097556,1.1009187249780554,1.101,1.099,1.0733038765822476,644,GBPUSD
1787097556,1.0896454477115343,1.101,1.099,1.0892757631443462,326,EURUSD
1787098456,1.089945591664491,1.101,1.099,1.0888918669361831,192,EURUSD
1787098456,1.0961274480644778,1.101,1.099,1.0849290588471199,390,USDJPY
1787098456,1.100796885840757,1.101,1.099,1.073542310010174,585,GBPUSD
1787098456,1.067177974192329,1.101,1.099,1.1429236654828903,752,XAUUSD
1787099356,1.0894251031338058,1.101,1.099,1.0886268538606017,359,EURUSD
1787099356,1.1019866846412303,1.101,1.099,1.0748484664312756,977,GBPUSD
1787099356,1.066213176794581,1.101,1.099,1.1462256183514592,378,XAUUSD
1787099356,1.098711088007254,1.101,1.099,1.0844987101538432,355,USDJPY
1787100256,1.0674399463173894,1.101,1.099,1.1460107428844108,577,XAUUSD
1787100256,1.1015367816114727,1.101,1.099,1.076612777330599,130,GBPUSD
1787100256,1.096552983532243,1.101,1.099,1.0855997533231327,998,USDJPY
1787100256,1.0883959504973917,1.101,1.099,1.0903467429931206,133,EURUSD
1787101156,1.088667184164523,1.101,1.099,1.0902175180122593,794,EURUSD
1787101156,1.068301413837039,1.101,1.099,1.1448567208246367,726,XAUUSD
1787101156,1.1008579229994173,1.101,1.099,1.076276313370989,262,GBPUSD
1787101156,1.0962065253674964,1.101,1.099,1.0845637755452842,660,USDJPY
1787102056,1.0687471505901143,1.101,1.099,1.1460579802385713,655,XAUUSD
1787102056,1.101005485668884,1.101,1.099,1.07778547968218,328,GBPUSD
1787102056,1.0963296200081023,1.101,1.099,1.0837964788244256,587,USDJPY
1787102056,1.088897801162089,1.101,1.099,1.0888112683188937,288,EURUSD
1787102956,1.0887822712061448,1.101,1.099,1.0899728507826332,210,EURUSD
1787102956,1.0970469567745191,1.101,1.099,1.0839997594304995,575,USDJPY
1787102956,1.0984866010198835,1.101,1.099,1.0772836132392145,104,GBPUSD
1787102956,1.068000491225384,1.101,1.099,1.1468907082100128,611,XAUUSD
1787103856,1.0677098197590817,1.101,1.099,1.1482775314242752,459,XAUUSD
1787103856,1.0985885405765494,1.101,1.099,1.0767875252620944,679,GBPUSD
1787103856,1.0951012275169245,1.101,1.099,1.0827775866144473,692,USDJPY
1787103856,1.0872068571802944,1.101,1.099,1.0879541326411037,266,EURUSD
1787104756,1.0950562632417762,1.101,1.099,1.0831518333209034,103,USDJPY
1787104756,1.0869939086094904,1.101,1.099,1.0878440112655388,438,EURUSD
1787104756,1.0662226395192738,1.101,1.099,1.1477846745298894,932,XAUUSD
1787104756,1.0997270555149088,1.101,1.099,1.0778542143293086,145,GBPUSD
1787105656,1.0657148877014948,1.101,1.099,1.1481319524873825,968,XAUUSD
1787105656,1.1006479981092812,1.101,1.099,1.0782220997743748,369,GBPUSD
1787105656,1.0948383948323221,1.101,1.099,1.0836704873679956,701,USDJPY
1787105656,1.0887143921002167,1.101,1.099,1.0877858715018713,249,EURUSD
1787106556,1.0879894779107486,1.101,1.099,1.0866108384470021,877,EURUSD
1787106556,1.0656771293057057,1.101,1.099,1.1461912789296362,284,XAUUSD
1787106556,1.1011006984218183,1.101,1.099,1.0799342788686606,784,GBPUSD
1787106556,1.0957244822523635,1.101,1.099,1.085718210560891,378,USDJPY
1787107456,1.0951824236152259,1.101,1.099,1.0861515443653176,178,USDJPY
1787107456,1.0897201729814716,1.101,1.099,1.0860813366518514,811,EURUSD
1787107456,1.0654748226643467,1.101,1.099,1.1471219135652535,745,XAUUSD
1787107456,1.1013600706777642,1.101,1.099,1.0800187648429116,956,GBPUSD
1787108356,1.0654592340553066,1.101,1.099,1.1465941513433666,544,XAUUSD
1787108356,1.095960874336946,1.101,1.099,1.0869949740839473,533,USDJPY
1787108356,1.103480556045006,1.101,1.099,1.0797501105412228,810,GBPUSD
1787108356,1.0888471687033543,1.101,1.099,1.0853554469159654,903,EURUSD
1787109256,1.0655215158064089,1.101,1.099,1.1457781141464345,324,XAUUSD
1787109256,1.1028076904995967,1.101,1.099,1.0810408537342868,478,GBPUSD
1787109256,1.0961916513562828,1.101,1.099,1.0867751686256062,332,USDJPY
1787109256,1.0906647148102897,1.101,1.099,1.0840218605137921,488,EURUSD
1787110156,1.1036048866703054,1.101,1.099,1.0787597245661882,706,GBPUSD
1787110156,1.066235897172354,1.101,1.099,1.1467318833178144,793,XAUUSD
1787110156,1.091087586220472,1.101,1.099,1.0850159990527724,817,EURUSD
1787110156,1.097248750448345,1.101,1.099,1.087016584750728,675,USDJPY
1787111056,1.0979793503039155,1.101,1.099,1.0868442492602273,914,USDJPY
1787111056,1.0916319726472623,1.101,1.099,1.0853008482367439,623,EURUSD
1787111056,1.06692198528301,1.101,1.099,1.1484846091760263,798,XAUUSD
1787111056,1.1037120080949288,1.101,1.099,1.0768658233911261,466,GBPUSD
1787111956,1.104207759684113,1.101,1.099,1.0792497770670078,404,GBPUSD
1787111956,1.0659890771521239,1.101,1.099,1.1475057908788906,403,XAUUSD
1787111956,1.0980658129306955,1.101,1.099,1.0890088656339898,803,USDJPY
1787111956,1.0905342670043707,1.101,1.099,1.0867813328900342,638,EURUSD
1787112856,1.098044968341586,1.101,1.099,1.0874469614498932,576,USDJPY
1787112856,1.0909254926015788,1.101,1.099,1.0855658025907882,107,EURUSD
1787112856,1.0647592185234138,1.101,1.099,1.147882862161537,243,XAUUSD
1787112856,1.1040465367592263,1.101,1.099,1.0817205113516755,713,GBPUSD
1787113756,1.1021944567941373,1.101,1.099,1.0810921574619177,134,GBPUSD
1787113756,1.0646857560146985,1.101,1.099,1.1469973219172778,608,XAUUSD
1787113756,1.098821494061791,1.101,1.099,1.0868105006449793,939,USDJPY
1787113756,1.087667539979068,1.101,1.099,1.0874418961956187,870,EURUSD
1787114656,1.0986463023208777,1.101,1.099,1.0871885917929172,283,USDJPY
1787114656,1.0855139631013349,1.101,1.099,1.08861171496001,352,EURUSD
1787114656,1.064742196574441,1.101,1.099,1.1498296667681267,837,XAUUSD
1787114656,1.103059745491399,1.101,1.099,1.0808837661238364,834,GBPUSD
1787115556,1.0644879362214144,1.101,1.099,1.1495091030026163,599,XAUUSD
1787115556,1.1027403496885546,1.101,1.099,1.0810460882551687,122,GBPUSD
1787115556,1.0858912044115148,1.101,1.099,1.087860622110232,226,EURUSD
1787115556,1.0985029115975058,1.101,1.099,1.086330587120415,589,USDJPY
1787116456,1.0641237193304431,1.101,1.099,1.1496958455767687,394,XAUUSD
1787116456,1.0992254169879159,1.101,1.099,1.0859338399908363,915,USDJPY
1787116456,1.0869223357077054,1.101,1.099,1.087944272103729,190,EURUSD
1787116456,1.1028558507689492,1.101,1.099,1.082617376640144,528,GBPUSD
1787117356,1.0993196321074359,1.101,1.099,1.0853378100262387,412,USDJPY
1787117356,1.1040699679454964,1.101,1.099,1.0833126119692669,111,GBPUSD
1787117356,1.0640851970528973,1.101,1.099,1.1495111464033048,522,XAUUSD
1787117356,1.0863898696089975,1.101,1.099,1.086253587834879,734,EURUSD
1787118256,1.0644045985012538,1.101,1.099,1.1493180693751859,394,XAUUSD
1787118256,1.084754844972539,1.101,1.099,1.0858877428040468,781,EURUSD
1787118256,1.100623907368467,1.101,1.099,1.0851495723809943,690,USDJPY
1787118256,1.1032803827426663,1.101,1.099,1.0825416510647123,909,GBPUSD
1787119156,1.0622062229052103,1.101,1.099,1.1498144864547781,696,XAUUSD
1787119156,1.0835244989311787,1.101,1.099,1.087136740558168,574,EURUSD
1787119156,1.1022392050738392,1.101,1.099,1.082647645803899,920,GBPUSD
1787119156,1.1003096223545674,1.101,1.099,1.0851039041108168,724,USDJPY
1787120056,1.061635262481292,1.101,1.099,1.1483889369288833,945,XAUUSD
1787120056,1.102572704751019,1.101,1.099,1.0836309667918034,834,GBPUSD
1787120056,1.0811839442117357,1.101,1.099,1.0893636750972198,542,EURUSD
1787120056,1.1006693202808882,1.101,1.099,1.0839113383631855,672,USDJPY
1787120956,1.0989028846125162,1.101,1.099,1.084666581487893,454,USDJPY
1787120956,1.079228901756421,1.101,1.099,1.089355392704298,758,EURUSD
1787120956,1.0614035400457456,1.101,1.099,1.1469209788360408,352,XAUUSD
1787120956,1.1041846929623236,1.101,1.099,1.0830914792819295,140,GBPUSD
1787121856,1.0619811699707784,1.101,1.099,1.1453604141084341,255,XAUUSD
1787121856,1.1070806145864835,1.101,1.099,1.0837771258060158,710,GBPUSD
1787121856,1.0991701524395947,1.101,1.099,1.0842215197732135,895,USDJPY
1787121856,1.0787752533587207,1.101,1.099,1.0875311623182655,887,EURUSD
1787122756,1.0997430520520979,1.101,1.099,1.0832781711046269,851,USDJPY
1787122756,1.0803552863890051,1.101,1.099,1.0880654052519874,828,EURUSD
1787122756,1.1068668629636884,1.101,1.099,1.0833181986634366,196,GBPUSD
1787122756,1.0613733060714896,1.101,1.099,1.14507219713762,962,XAUUSD
1787123656,1.107853831918969,1.101,1.099,1.0830298248418806,963,GBPUSD
1787123656,1.0613790446636362,1.101,1.099,1.1437853552458588,997,XAUUSD
1787123656,1.100655230357387,1.101,1.099,1.0843032182808192,765,USDJPY
1787123656,1.0805308100395092,1.101,1.099,1.0880001297294513,441,EURUSD
1787124556,1.1017311225751065,1.101,1.099,1.0847938187740638,233,USDJPY
1787124556,1.0798447438143157,1.101,1.099,1.0876026596832296,360,EURUSD
1787124556,1.0597918869345253,1.101,1.099,1.1420452267148378,120,XAUUSD
1787124556,1.1079683461780698,1.101,1.099,1.0825360247744957,674,GBPUSD
1787125456,1.1078050930207546,1.101,1.099,1.0828895937529008,845,GBPUSD
1787125456,1.0612409969351813,1.101,1.099,1.1403530915992688,552,XAUUSD
1787125456,1.081167523186949,1.101,1.099,1.0869399229838708,931,EURUSD
1787125456,1.0992561728420385,1.101,1.099,1.0850644652512196,873,USDJPY
1787126356,1.0993525255287235,1.101,1.099,1.0858611357715462,299,USDJPY
1787126356,1.0791715743863466,1.101,1.099,1.0874987327514085,891,EURUSD
1787126356,1.0612631744659546,1.101,1.099,1.13841808463847,173,XAUUSD
1787126356,1.1066384211896676,1.101,1.099,1.085434663450175,586,GBPUSD
1787127256,1.106649864014167,1.101,1.099,1.0847108483133827,803,GBPUSD
1787127256,1.060813525113183,1.101,1.099,1.138566429491597,582,XAUUSD
1787127256,1.0801631968413177,1.101,1.099,1.0865775381324034,181,EURUSD
1787127256,1.0982434323574322,1.101,1.099,1.0860531544175553,817,USDJPY
1787128156,1.098585574261379,1.101,1.099,1.0862618679891052,616,USDJPY
1787128156,1.078769454147188,1.101,1.099,1.085635226134824,109,EURUSD
1787128156,1.0593514617877986,1.101,1.099,1.1393666440541423,285,XAUUSD
1787128156,1.106499277266378,1.101,1.099,1.0849388902141974,138,GBPUSD
1787129056,1.106202916355966,1.101,1.099,1.0843751718960573,793,GBPUSD
1787129056,1.0580004126668936,1.101,1.099,1.13886674251467,455,XAUUSD
1787129056,1.0774967040461838,1.101,1.099,1.084082117640059,258,EURUSD
1787129056,1.1002737733906938,1.101,1.099,1.0857899482179938,207,USDJPY
1787129956,1.1006831079334234,1.101,1.099,1.087098804860614,764,USDJPY
1787129956,1.0577717053407751,1.101,1.099,1.1393383519487101,217,XAUUSD
1787129956,1.0746624787405765,1.101,1.099,1.0848774292219843,570,EURUSD
1787129956,1.1055995562356813,1.101,1.099,1.083516586924979,101,GBPUSD
1787130856,1.1000073559155685,1.101,1.099,1.0876235550997204,576,USDJPY
1787130856,1.0580227507368312,1.101,1.099,1.1392388058767258,868,XAUUSD
1787130856,1.104996679793799,1.101,1.099,1.0827247496759649,551,GBPUSD
1787130856,1.074190625783204,1.101,1.099,1.0838238945759533,551,EURUSD
1787131756,1.0572689624072735,1.101,1.099,1.140370949691242,377,XAUUSD
1787131756,1.099079832785146,1.101,1.099,1.0889840764762913,723,USDJPY
1787131756,1.07424890365281,1.101,1.099,1.0829519125953841,401,EURUSD
1787131756,1.1057319352479393,1.101,1.099,1.0830835720306025,283,GBPUSD
1787132656,1.075226560094479,1.101,1.099,1.0813598937026023,972,EURUSD
1787132656,1.1057898023178332,1.101,1.099,1.0833659220398266,408,GBPUSD
1787132656,1.0570467748973618,1.101,1.099,1.1396576510970133,420,XAUUSD
1787132656,1.100482834692657,1.101,1.099,1.0910921518591938,456,USDJPY
1787133556,1.1074726772992367,1.101,1.099,1.0833300907239098,850,GBPUSD
1787133556,1.1004179402306464,1.101,1.099,1.0904732514687354,445,USDJPY
1787133556,1.0576681411453168,1.101,1.099,1.1408171215761953,101,XAUUSD
1787133556,1.074396203780325,1.101,1.099,1.0809401202581703,452,EURUSD
1787134456,1.0756848875026095,1.101,1.099,1.0805120592999538,875,EURUSD
1787134456,1.1006642927106634,1.101,1.099,1.0912496930217888,785,USDJPY
1787134456,1.1082946068364226,1.101,1.099,1.0838417621887133,322,GBPUSD
1787134456,1.0583860751977376,1.101,1.099,1.1405329365430752,759,XAUUSD
1787135356,1.0577029242239768,1.101,1.099,1.1408779502215112,942,XAUUSD
1787135356,1.1089275039902529,1.101,1.099,1.084586333601721,221,GBPUSD
1787135356,1.1010966692385722,1.101,1.099,1.0917943982533904,339,USDJPY
1787135356,1.0756006554934086,1.101,1.099,1.0822174164476537,234,EURUSD
1787136256,1.056302704547174,1.101,1.099,1.141501537624942,280,XAUUSD
1787136256,1.1075170328926067,1.101,1.099,1.0851084358540122,321,GBPUSD
1787136256,1.1011661250969516,1.101,1.099,1.0917286637525507,780,USDJPY
1787136256,1.0767118631885462,1.101,1.099,1.0825223006537232,350,EURUSD
1787137156,1.0766775364068317,1.101,1.099,1.0833738225831144,585,EURUSD
1787137156,1.101877789549036,1.101,1.099,1.0901483441666866,737,USDJPY
1787137156,1.1067695933812973,1.101,1.099,1.085297401014636,501,GBPUSD
1787137156,1.0557196896170318,1.101,1.099,1.140789686872943,585,XAUUSD
1787138056,1.0572987530529612,1.101,1.099,1.1419509214376315,931,XAUUSD
1787138056,1.1054080988241455,1.101,1.099,1.0834045862105335,920,GBPUSD
1787138056,1.1035228108977222,1.101,1.099,1.089429463147324,557,USDJPY
1787138056,1.077072958248507,1.101,1.099,1.083911217738576,293,EURUSD
1787138956,1.076548623363115,1.101,1.099,1.0833105953474242,157,EURUSD
1787138956,1.1021792693992,1.101,1.099,1.0913936863575193,587,USDJPY
1787138956,1.1052061403378495,1.101,1.099,1.082390735237769,427,GBPUSD
1787138956,1.0559635607635152,1.101,1.099,1.1409827948137392,548,XAUUSD
1787139856,1.1047373515262822,1.101,1.099,1.080888374140866,619,GBPUSD
1787139856,1.0563283513976465,1.101,1.099,1.1409664531568253,795,XAUUSD
1787139856,1.1024950487929095,1.101,1.099,1.0909396802493136,419,USDJPY
1787139856,1.0768935080220214,1.101,1.099,1.0842699151560273,939,EURUSD
1787140756,1.0785856313701798,1.101,1.099,1.0829184522831632,656,EURUSD
1787140756,1.1009708335865451,1.101,1.099,1.091714576436866,170,USDJPY
1787140756,1.0570757525153915,1.101,1.099,1.1419427033195244,360,XAUUSD
1787140756,1.1030440826789423,1.101,1.099,1.0807806852459059,936,GBPUSD
1787141656,1.102472295496472,1.101,1.099,1.0815371827843046,502,GBPUSD
1787141656,1.0574135766400552,1.101,1.099,1.1412204722359482,934,XAUUSD
1787141656,1.0995350502382397,1.101,1.099,1.0896855831845316,185,USDJPY
1787141656,1.0782798548257697,1.101,1.099,1.0829452818160934,734,EURUSD
1787142556,1.1003199351635602,1.101,1.099,1.0893655868470835,338,USDJPY
1787142556,1.0772314326010917,1.101,1.099,1.0828884451907685,792,EURUSD
1787142556,1.1028665177401258,1.101,1.099,1.0795619197333355,953,GBPUSD
1787142556,1.0569771061862914,1.101,1.099,1.1412867454293913,555,XAUUSD
1787143456,1.0591491416867507,1.101,1.099,1.1425025435890803,976,XAUUSD
1787143456,1.101274140899136,1.101,1.099,1.079107096108314,659,GBPUSD
1787143456,1.1005891705702833,1.101,1.099,1.089394153993801,753,USDJPY
1787143456,1.0782122034350359,1.101,1.099,1.0832330529269458,504,EURUSD
1787144356,1.0769135649958477,1.101,1.099,1.0839681929925842,851,EURUSD
1787144356,1.099389822830344,1.101,1.099,1.0881592203456671,946,USDJPY
1787144356,1.060157698891897,1.101,1.099,1.142102176183678,752,XAUUSD
1787144356,1.1012232026373556,1.101,1.099,1.080637877096699,558,GBPUSD
1787145256,1.1008364731530929,1.101,1.099,1.0799645346324023,386,GBPUSD
1787145256,1.0600335655170725,1.101,1.099,1.1429497535831656,521,XAUUSD
1787145256,1.1007632963056668,1.101,1.099,1.0871152487900553,975,USDJPY
1787145256,1.0768217345975228,1.101,1.099,1.0822859376917833,767,EURUSD
1787146156,1.0772807316073258,1.101,1.099,1.0827068003079303,729,EURUSD
1787146156,1.0993560828251703,1.101,1.099,1.0873631005364608,825,USDJPY
1787146156,1.0601769971785295,1.101,1.099,1.1432533130098905,313,XAUUSD
1787146156,1.1006296856976876,1.101,1.099,1.0792870060532618,603,GBPUSD
1787147056,1.0983384248978039,1.101,1.099,1.0817847466588402,696,GBPUSD
1787147056,1.059376159619409,1.101,1.099,1.1422047096480779,850,XAUUSD
1787147056,1.099853508060245,1.101,1.099,1.0875274175192033,554,USDJPY
1787147056,1.0774687117072,1.101,1.099,1.0804282504887655,421,EURUSD
1787147956,1.078958790967116,1.101,1.099,1.0799258200458295,132,EURUSD
1787147956,1.101064923858679,1.101,1.099,1.0879990448753503,834,USDJPY
1787147956,1.0595122774585835,1.101,1.099,1.1424200949502574,517,XAUUSD
1787147956,1.0979936465167606,1.101,1.099,1.0827374368924587,173,GBPUSD
1787148856,1.0598693372726895,1.101,1.099,1.1414153410707328,317,XAUUSD
1787148856,1.0996064657114462,1.101,1.099,1.0843758201634315,968,GBPUSD
1787148856,1.0788513263843547,1.101,1.099,1.0809970778952154,794,EURUSD
1787148856,1.102696934232425,1.101,1.099,1.087104859828816,854,USDJPY
1787149756,1.1016560633012114,1.101,1.099,1.0870717438320248,152,USDJPY
1787149756,1.0775585005440265,1.101,1.099,1.0819682117169556,236,EURUSD
1787149756,1.0996715539418829,1.101,1.099,1.083741672027228,744,GBPUSD
1787149756,1.0615523833986595,1.101,1.099,1.1427782205928052,214,XAUUSD
1787150656,1.06199987896597,1.101,1.099,1.1433985863804765,873,XAUUSD
1787150656,1.0979480672204212,1.101,1.099,1.0844678613456828,170,GBPUSD
1787150656,1.0776419190800681,1.101,1.099,1.0830549803025735,711,EURUSD
1787150656,1.1032434665250404,1.101,1.099,1.0869165214197047,868,USDJPY
1787151556,1.1046127931535337,1.101,1.099,1.086703155624777,461,USDJPY
1787151556,1.0775704652002398,1.101,1.099,1.0828397006089996,102,EURUSD
1787151556,1.0973411062536007,1.101,1.099,1.0847751584946133,837,GBPUSD
1787151556,1.0629887993205016,1.101,1.099,1.1423928249625241,603,XAUUSD
1787152456,1.0630861527810413,1.101,1.099,1.142153715586681,312,XAUUSD
1787152456,1.0959800515570757,1.101,1.099,1.083502476320016,256,GBPUSD
1787152456,1.0781560047797787,1.101,1.099,1.082783926484788,794,EURUSD
1787152456,1.1058616629386302,1.101,1.099,1.0865058074340197,879,USDJPY
1787153356,1.1049647503863003,1.101,1.099,1.0860809382855836,893,USDJPY
1787153356,1.076660296514668,1.101,1.099,1.082936369307067,968,EURUSD
1787153356,1.0956443203352848,1.101,1.099,1.0828177876432825,963,GBPUSD
1787153356,1.0646410504334043,1.101,1.099,1.1428953089790364,208,XAUUSD
1787154256,1.0635967701213975,1.101,1.099,1.1433743609470828,809,XAUUSD
1787154256,1.0963408042182494,1.101,1.099,1.0831613718297948,869,GBPUSD
1787154256,1.0778243369639895,1.101,1.099,1.083935548900029,157,EURUSD
1787154256,1.1051721228578637,1.101,1.099,1.0854530734802015,115,USDJPY
1787155156,1.1042303433647545,1.101,1.099,1.0855389038206888,751,USDJPY
1787155156,1.077761716874604,1.101,1.099,1.0842256692086474,530,EURUSD
1787155156,1.0967213551116881,1.101,1.099,1.081240416685882,996,GBPUSD
1787155156,1.0650283033428196,1.101,1.099,1.144334055734943,396,XAUUSD
1787156056,1.0661320864943655,1.101,1.099,1.142312143599753,431,XAUUSD
1787156056,1.0954532216206003,1.101,1.099,1.0812016728394547,836,GBPUSD
1787156056,1.078355856684361,1.101,1.099,1.0831664974616835,271,EURUSD
1787156056,1.1034912441741997,1.101,1.099,1.08509217766924,494,USDJPY
1787156956,1.1036698021888245,1.101,1.099,1.085901027702957,634,USDJPY
1787156956,1.0782830953077183,1.101,1.099,1.0833027450473063,212,EURUSD
1787156956,1.0951100201884296,1.101,1.099,1.0808677054640536,176,GBPUSD
1787156956,1.065805193263554,1.101,1.099,1.1432200546332127,457,XAUUSD
1787157856,1.0641063260079169,1.101,1.099,1.1446810784979669,462,XAUUSD
1787157856,1.0933724469584047,1.101,1.099,1.0803387669359235,962,GBPUSD
1787157856,1.0795990433135914,1.101,1.099,1.0846823926884388,983,EURUSD
1787157856,1.1045768908553806,1.101,1.099,1.0842766055834827,940,USDJPY
1787158756,1.1037617012147678,1.101,1.099,1.0844943852702504,807,USDJPY
1787158756,1.0804831319865538,1.101,1.099,1.084793875247756,615,EURUSD
1787158756,1.0933006203948636,1.101,1.099,1.0803472428302772,338,GBPUSD
1787158756,1.063822149674177,1.101,1.099,1.1448137575060402,794,XAUUSD
1787159656,1.0645390805858224,1.101,1.099,1.1441878504802871,129,XAUUSD
1787159656,1.0914503459978777,1.101,1.099,1.0806572398758252,757,GBPUSD
1787159656,1.0809111197609587,1.101,1.099,1.0846031698808396,242,EURUSD
1787159656,1.1029959665341273,1.101,1.099,1.082959831462729,552,USDJPY
1787160556,1.1019675182997908,1.101,1.099,1.082485290256348,381,USDJPY
1787160556,1.0821514491581836,1.101,1.099,1.0850153508813216,814,EURUSD
1787160556,1.0927563870436527,1.101,1.099,1.0813044230560116,420,GBPUSD
1787160556,1.0635407095441762,1.101,1.099,1.144376676429593,214,XAUUSD
1787161456,1.0942975447938132,1.101,1.099,1.0825327692894466,906,GBPUSD
1787161456,1.0639777660302616,1.101,1.099,1.1450181894974403,542,XAUUSD
1787161456,1.080547892366141,1.101,1.099,1.086082446760461,147,EURUSD
1787161456,1.102403179244705,1.101,1.099,1.0844772635458138,487,USDJPY
1787162356,1.0942018212060267,1.101,1.099,1.0826483473016342,858,GBPUSD
1787162356,1.102406754778113,1.101,1.099,1.0844806235768547,885,USDJPY
1787162356,1.0801145272537716,1.101,1.099,1.0865322838227054,162,EURUSD
1787162356,1.0651136207263816,1.101,1.099,1.1444866740261737,195,XAUUSD
1787163256,1.103065417793153,1.101,1.099,1.0863101263790693,705,USDJPY
1787163256,1.0941765787063313,1.101,1.099,1.082908426150779,832,GBPUSD
1787163256,1.0638313053580328,1.101,1.099,1.1451761293743736,392,XAUUSD
1787163256,1.0796046234637826,1.101,1.099,1.0868156939270204,907,EURUSD
1787164156,1.0942344616239499,1.101,1.099,1.0838937164244316,646,GBPUSD
1787164156,1.10126625331893,1.101,1.099,1.0871480594192036,562,USDJPY
1787164156,1.0789477851793896,1.101,1.099,1.0870086501632061,992,EURUSD
1787164156,1.0638512731123915,1.101,1.099,1.146544465269645,880,XAUUSD
1787165056,1.1009431906435183,1.101,1.099,1.0857499243879007,630,USDJPY
1787165056,1.0631831088866062,1.101,1.099,1.1450192189724284,587,XAUUSD
1787165056,1.0952529918356906,1.101,1.099,1.0848577847929224,904,GBPUSD
1787165056,1.0765535991369841,1.101,1.099,1.0879606435471714,790,EURUSD
1787165956,1.0629936660595005,1.101,1.099,1.1454368521507092,762,XAUUSD
1787165956,1.0775378375325975,1.101,1.099,1.0881636325890782,152,EURUSD
1787165956,1.1012722707717515,1.101,1.099,1.0878333619482345,838,USDJPY
1787165956,1.0964429557061075,1.101,1.099,1.085201317264473,508,GBPUSD
1787166856,1.0776072528332366,1.101,1.099,1.088117266966142,574,EURUSD
1787166856,1.0962027580681515,1.101,1.099,1.085236991810418,249,GBPUSD
1787166856,1.0624640264785439,1.101,1.099,1.1444262923796058,566,XAUUSD
1787166856,1.1020224319523926,1.101,1.099,1.0866949246030406,695,USDJPY
1787167756,1.0960868062220916,1.101,1.099,1.0850990863128729,870,GBPUSD
1787167756,1.1014808311049902,1.101,1.099,1.0855737080513432,189,USDJPY
1787167756,1.0777789011648047,1.101,1.099,1.0867969966274056,512,EURUSD
1787167756,1.0623156182480908,1.101,1.099,1.1446768457223888,497,XAUUSD
1787168656,1.080530849236812,1.101,1.099,1.087599420185669,560,EURUSD
1787168656,1.0626826705997325,1.101,1.099,1.145078226849815,889,XAUUSD
1787168656,1.0960444643313867,1.101,1.099,1.0848598636316973,218,GBPUSD
1787168656,1.1025471736787595,1.101,1.099,1.086058835477272,477,USDJPY
1787169556,1.09688413290088,1.101,1.099,1.0865247821363382,330,GBPUSD
1787169556,1.062429959898851,1.101,1.099,1.1431436872345964,537,XAUUSD
1787169556,1.0815832864449884,1.101,1.099,1.0892981769390009,733,EURUSD
1787169556,1.103724178732156,1.101,1.099,1.0858781548152896,519,USDJPY
1787170456,1.0631126130041495,1.101,1.099,1.142852135053485,720,XAUUSD
1787170456,1.0959391130091334,1.101,1.099,1.0882831268030742,362,GBPUSD
1787170456,1.1048468571227272,1.101,1.099,1.0868448903333783,346,USDJPY
1787170456,1.0825178366298391,1.101,1.099,1.0881319689545583,248,EURUSD
1787171356,1.0834281368051286,1.101,1.099,1.0870503456251435,238,EURUSD
1787171356,1.0966794160062436,1.101,1.099,1.0878345964960427,686,GBPUSD
1787171356,1.0627828810261182,1.101,1.099,1.142907528721239,760,XAUUSD
1787171356,1.1043546731713454,1.101,1.099,1.086577130250977,221,USDJPY
1787172256,1.0975120739724888,1.101,1.099,1.086748068015127,849,GBPUSD
1787172256,1.0627445543272125,1.101,1.099,1.1419323501452732,917,XAUUSD
1787172256,1.083296913350727,1.101,1.099,1.0863300518576722,646,EURUSD
1787172256,1.1060737685070092,1.101,1.099,1.085610651203549,928,USDJPY
1787173156,1.06243973178182,1.101,1.099,1.142092246058219,787,XAUUSD
1787173156,1.0832444181877232,1.101,1.099,1.0875040962947686,622,EURUSD
1787173156,1.1062992344797722,1.101,1.099,1.0853449734648237,476,USDJPY
1787173156,1.097827003313495,1.101,1.099,1.0859186963498406,393,GBPUSD
1787174056,1.1071252784228043,1.101,1.099,1.084769232123301,848,USDJPY
1787174056,1.0851477573174768,1.101,1.099,1.0879466258175148,752,EURUSD
1787174056,1.097899347361559,1.101,1.099,1.085785251833708,700,GBPUSD
1787174056,1.0636573215609793,1.101,1.099,1.141566648297386,135,XAUUSD
1787174956,1.0638563269611685,1.101,1.099,1.1422158632420343,968,XAUUSD
1787174956,1.0971062744659814,1.101,1.099,1.084845925609066,544,GBPUSD
1787174956,1.0838102532344631,1.101,1.099,1.0883587755775117,189,EURUSD
1787174956,1.1058056660131468,1.101,1.099,1.0837466020200337,153,USDJPY
1787175856,1.104936538889335,1.101,1.099,1.0832454721685414,695,USDJPY
1787175856,1.085140563617332,1.101,1.099,1.088859770649661,614,EURUSD
1787175856,1.0967533303097319,1.101,1.099,1.0847296123835024,529,GBPUSD
1787175856,1.0628218882967722,1.101,1.099,1.1415147948883122,897,XAUUSD
1787176756,1.0607747488172174,1.101,1.099,1.142287586047796,884,XAUUSD
1787176756,1.0991468903418278,1.101,1.099,1.0838601942823627,753,GBPUSD
1787176756,1.0856416956821007,1.101,1.099,1.089390833828232,336,EURUSD
1787176756,1.1046898087489976,1.101,1.099,1.0822756658781534,327,USDJPY
1787177656,1.097745636767523,1.101,1.099,1.0856622065496875,408,GBPUSD
1787177656,1.1039344347599729,1.101,1.099,1.0804071441512284,208,USDJPY
1787177656,1.0854090217730563,1.101,1.099,1.0891339896809202,852,EURUSD
1787177656,1.0598364023195277,1.101,1.099,1.1405560558902137,262,XAUUSD
1787178556,1.1044780432416121,1.101,1.099,1.0799579488803361,391,USDJPY
1787178556,1.058135749141249,1.101,1.099,1.140428760888754,242,XAUUSD
1787178556,1.0981257322786468,1.101,1.099,1.086098874899732,899,GBPUSD
1787178556,1.0856159141576138,1.101,1.099,1.088157705498008,284,EURUSD
1787179456,1.097081084520852,1.101,1.099,1.0863218883458616,423,GBPUSD
1787179456,1.1040196365476143,1.101,1.099,1.080233094518258,633,USDJPY
1787179456,1.086482940574951,1.101,1.099,1.0864106177033972,320,EURUSD
1787179456,1.0564702401307533,1.101,1.099,1.1382669900234688,559,XAUUSD
1787180356,1.1047007819427033,1.101,1.099,1.082496513970346,742,USDJPY
1787180356,1.1003287804318858,1.101,1.099,1.0867960123451532,603,GBPUSD
1787180356,1.0561034365309303,1.101,1.099,1.1369755272857194,630,XAUUSD
1787180356,1.0879256477856871,1.101,1.099,1.0878089016688806,793,EURUSD
1787181256,1.0870428278471351,1.101,1.099,1.0882625489755957,392,EURUSD
1787181256,1.0572069571409877,1.101,1.099,1.1361174932545544,420,XAUUSD
1787181256,1.1009287425138885,1.101,1.099,1.0876018000980967,973,GBPUSD
1787181256,1.10392079942654,1.101,1.099,1.0829059071349099,741,USDJPY
1787182156,1.1045937818048799,1.101,1.099,1.0824203486469934,787,USDJPY
1787182156,1.0986374187453352,1.101,1.099,1.0880729187839506,751,GBPUSD
1787182156,1.0570006768410698,1.101,1.099,1.1374327773189377,566,XAUUSD
1787182156,1.0856861352700584,1.101,1.099,1.088722026554442,583,EURUSD
1787183056,1.1054289797796735,1.101,1.099,1.0837441812619821,522,USDJPY
1787183056,1.056783008503025,1.101,1.099,1.1358929599552634,225,XAUUSD
1787183056,1.0991683685284432,1.101,1.099,1.0886869932725025,797,GBPUSD
1787183056,1.0853498754584874,1.101,1.099,1.089397687837662,632,EURUSD
1787183956,1.0577069732892006,1.101,1.099,1.1354098515947446,648,XAUUSD
1787183956,1.0997933639086,1.101,1.099,1.0885124330800884,835,GBPUSD
1787183956,1.086532086646882,1.101,1.099,1.0885892777511466,206,EURUSD
1787183956,1.1043203005505522,1.101,1.099,1.0824829588270795,504,USDJPY
1787184856,1.0986759253604035,1.101,1.099,1.088954126658814,111,GBPUSD
1787184856,1.0854550809050225,1.101,1.099,1.0870422797779844,465,EURUSD
1787184856,1.1036132664814813,1.101,1.099,1.082524535080989,974,USDJPY
1787184856,1.0571916203797185,1.101,1.099,1.135582821587243,909,XAUUSD
1787185756,1.0847771909256303,1.101,1.099,1.0866730734302736,840,EURUSD
1787185756,1.0989960541700732,1.101,1.099,1.0877761642532344,253,GBPUSD
1787185756,1.1028122775636053,1.101,1.099,1.0813578243006974,718,USDJPY
1787185756,1.0558908147612758,1.101,1.099,1.137382527659682,544,XAUUSD
1787186656,1.0987199550410827,1.101,1.099,1.0879023412349054,129,GBPUSD
1787186656,1.0558224058211494,1.101,1.099,1.1365867564857774,193,XAUUSD
1787186656,1.100550850663852,1.101,1.099,1.0814118457770923,609,USDJPY
1787186656,1.0871486525520613,1.101,1.099,1.086232255611371,322,EURUSD
1787187556,1.0552672176391047,1.101,1.099,1.1362036485426736,701,XAUUSD
1787187556,1.098007279068469,1.101,1.099,1.0881760523148762,449,GBPUSD
1787187556,1.086401291294177,1.101,1.099,1.0867320581477695,927,EURUSD
1787187556,1.101565881390483,1.101,1.099,1.0817828299919476,733,USDJPY
1787188456,1.085921109410001,1.101,1.099,1.085253696145149,965,EURUSD
1787188456,1.0566572206560576,1.101,1.099,1.1379769171142848,914,XAUUSD
1787188456,1.1028944434366,1.101,1.099,1.082126230805329,277,USDJPY
1787188456,1.098085419273038,1.101,1.099,1.0877949605827972,230,GBPUSD
1787189356,1.055813731850177,1.101,1.099,1.1371980003796653,261,XAUUSD
1787189356,1.0972935588178194,1.101,1.099,1.0886755218636994,750,GBPUSD
1787189356,1.1026597645923006,1.101,1.099,1.0814926246885253,655,USDJPY
1787189356,1.0853417479481593,1.101,1.099,1.0847632730705434,518,EURUSD
1787190256,1.0559276856275956,1.101,1.099,1.1374475880449804,101,XAUUSD
1787190256,1.0866276553164838,1.101,1.099,1.0854845725673725,872,EURUSD
1787190256,1.101806146802481,1.101,1.099,1.0816475906441116,896,USDJPY
1787190256,1.096948629689288,1.101,1.099,1.089740932524274,614,GBPUSD
1787191156,1.085746748271116,1.101,1.099,1.0856449459657376,246,EURUSD
1787191156,1.0986438883602172,1.101,1.099,1.0886596410052714,681,GBPUSD
1787191156,1.101600084895785,1.101,1.099,1.0811820377654988,781,USDJPY
1787191156,1.05596206520601,1.101,1.099,1.1358274419397343,642,XAUUSD
1787192056,1.0864538657105116,1.101,1.099,1.0857283189852311,395,EURUSD
1787192056,1.0542918876274523,1.101,1.099,1.1364904285422388,833,XAUUSD
1787192056,1.0999678711048921,1.101,1.099,1.0893325004129533,935,GBPUSD
1787192056,1.1011156739579508,1.101,1.099,1.0818420724954032,565,USDJPY
1787192956,1.1008206113454644,1.101,1.099,1.0894580818797834,425,GBPUSD
1787192956,1.088468807144815,1.101,1.099,1.0849521801658404,768,EURUSD
1787192956,1.0548096870705284,1.101,1.099,1.1349567183170182,656,XAUUSD
1787192956,1.1004722798841995,1.101,1.099,1.0805230118881886,186,USDJPY
1787193856,1.0979991786441523,1.101,1.099,1.0818839991590952,216,USDJPY
1787193856,1.056287409535048,1.101,1.099,1.1358192267610256,678,XAUUSD
1787193856,1.1025225248065904,1.101,1.099,1.090001252662187,426,GBPUSD
1787193856,1.087300400932797,1.101,1.099,1.085301612613257,338,EURUSD
1787194756,1.1030309015974507,1.101,1.099,1.0899162134811131,406,GBPUSD
1787194756,1.0870521829440043,1.101,1.099,1.0849233286824176,442,EURUSD
1787194756,1.0548209752829993,1.101,1.099,1.1350048475464238,335,XAUUSD
1787194756,1.098237654044346,1.101,1.099,1.0827856718703674,804,USDJPY
1787195656,1.0982646887609724,1.101,1.099,1.0812221713768655,474,USDJPY
1787195656,1.0546804198310828,1.101,1.099,1.1352388338024741,861,XAUUSD
1787195656,1.1029719184092635,1.101,1.099,1.0913079616263075,351,GBPUSD
1787195656,1.0859512737571544,1.101,1.099,1.0853286403812283,385,EURUSD
1787196556,1.1027872154352434,1.101,1.099,1.0930283618187944,930,GBPUSD
1787196556,1.099034461508173,1.101,1.099,1.0811702083018315,861,USDJPY
1787196556,1.0557535129297206,1.101,1.099,1.1344436407131455,761,XAUUSD
1787196556,1.0869407282456436,1.101,1.099,1.0836442192178948,706,EURUSD
1787197456,1.1022302190473758,1.101,1.099,1.093484300421243,862,GBPUSD
1787197456,1.1002172615058825,1.101,1.099,1.0810416102833702,649,USDJPY
1787197456,1.0863436933118826,1.101,1.099,1.0841104014586542,371,EURUSD
1787197456,1.0557659991427013,1.101,1.099,1.1344393280762235,810,XAUUSD
1787198356,1.0562084502199718,1.101,1.099,1.1336550326428305,743,XAUUSD
1787198356,1.0869440864984168,1.101,1.099,1.0827107037700654,636,EURUSD
1787198356,1.1011593448413244,1.101,1.099,1.0807322682061116,452,USDJPY
1787198356,1.101573536556908,1.101,1.099,1.0928380039138237,350,GBPUSD
1787199256,1.1013500026065397,1.101,1.099,1.0811523442846767,890,USDJPY
1787199256,1.0581054526092102,1.101,1.099,1.1322962814866273,603,XAUUSD
1787199256,1.1019324387224394,1.101,1.099,1.093888360830793,126,GBPUSD
1787199256,1.085173265071719,1.101,1.099,1.082774529938839,620,EURUSD
1787200156,1.1007756931898285,1.101,1.099,1.0823838026373278,600,USDJPY
1787200156,1.1015615584760856,1.101,1.099,1.0948475268009483,883,GBPUSD
1787200156,1.0863707111117016,1.101,1.099,1.0833525283752856,316,EURUSD
1787200156,1.0578833665598977,1.101,1.099,1.1322950762086192,587,XAUUSD
1787201056,1.0595834768591461,1.101,1.099,1.1313047377649852,756,XAUUSD
1787201056,1.0871658934582946,1.101,1.099,1.0840691115810066,830,EURUSD
1787201056,1.1016260233705,1.101,1.099,1.0928422633451316,722,GBPUSD
1787201056,1.1010259571008287,1.101,1.099,1.0826891168099462,401,USDJPY
1787201956,1.0991598861172913,1.101,1.099,1.0838291999099576,164,USDJPY
1787201956,1.1011640558999842,1.101,1.099,1.0923507556647474,791,GBPUSD
1787201956,1.0883541562368622,1.101,1.099,1.0843840912928844,729,EURUSD
1787201956,1.0596952051378736,1.101,1.099,1.13078699367699,553,XAUUSD
1787202856,1.0607102293230668,1.101,1.099,1.1307004429301863,126,XAUUSD
1787202856,1.09932274823992,1.101,1.099,1.0848727960403264,792,USDJPY
1787202856,1.10083309620235,1.101,1.099,1.0927433836381037,748,GBPUSD
1787202856,1.0887497307871201,1.101,1.099,1.0844438094939293,540,EURUSD
1787203756,1.088447515069902,1.101,1.099,1.0839669336473363,299,EURUSD
1787203756,1.060939740010559,1.101,1.099,1.1304377234501524,856,XAUUSD
1787203756,1.102371052652946,1.101,1.099,1.0938404619183257,554,GBPUSD
1787203756,1.1000337646714575,1.101,1.099,1.0841359972678817,958,USDJPY
1787204656,1.1007855793640748,1.101,1.099,1.0842502922127493,845,USDJPY
1787204656,1.1024771521806915,1.101,1.099,1.0916719497704772,615,GBPUSD
1787204656,1.0628245027081393,1.101,1.099,1.1302339727050108,129,XAUUSD
1787204656,1.0882191168705955,1.101,1.099,1.0836196280042623,975,EURUSD
1787205556,1.0881180854231038,1.101,1.099,1.0835504910608456,403,EURUSD
1787205556,1.1004570318340023,1.101,1.099,1.0838578291844352,720,USDJPY
1787205556,1.101916209136614,1.101,1.099,1.090404882013095,199,GBPUSD
1787205556,1.0634741467378872,1.101,1.099,1.1300409999401204,280,XAUUSD
1787206456,1.0995041743653071,1.101,1.099,1.0853675554703783,129,USDJPY
1787206456,1.063851179519561,1.101,1.099,1.1295884716513411,562,XAUUSD
1787206456,1.0890247436228535,1.101,1.099,1.083313016864352,828,EURUSD
1787206456,1.1005150164314488,1.101,1.099,1.0899843996675198,578,GBPUSD
1787207356,1.0642595919798377,1.101,1.099,1.12970872117416,476,XAUUSD
1787207356,1.0897319093588778,1.101,1.099,1.0835687762217592,882,EURUSD
1787207356,1.100552120304529,1.101,1.099,1.0896001133703306,900,GBPUSD
1787207356,1.0998578418093974,1.101,1.099,1.08552689854827,341,USDJPY
1787208256,1.1000812573620404,1.101,1.099,1.083845594341144,922,USDJPY
1787208256,1.1006920613950695,1.101,1.099,1.0875537931719925,935,GBPUSD
1787208256,1.0911682182250684,1.101,1.099,1.0845230133177954,139,EURUSD
1787208256,1.0643578846031136,1.101,1.099,1.129318071279438,568,XAUUSD
1787209156,1.1006298188014192,1.101,1.099,1.0880722324366494,104,GBPUSD
1787209156,1.099548958407756,1.101,1.099,1.0838490927740467,805,USDJPY
1787209156,1.063921649850024,1.101,1.099,1.1299709725371465,169,XAUUSD
1787209156,1.0902710471963382,1.101,1.099,1.086155070934518,842,EURUSD
1787210056,1.0629251856741664,1.101,1.099,1.1310166933395291,197,XAUUSD
1787210056,1.0923849575409472,1.101,1.099,1.0858099462619497,705,EURUSD
1787210056,1.0999179732859152,1.101,1.099,1.0902743448857355,971,GBPUSD
1787210056,1.0993776744381127,1.101,1.099,1.0848672994090105,875,USDJPY
1787210956,1.1013419612318431,1.101,1.099,1.0863289697894452,512,USDJPY
1787210956,1.0986720026766643,1.101,1.099,1.0908506633971364,155,GBPUSD
1787210956,1.091700320088907,1.101,1.099,1.0845233374958165,497,EURUSD
1787210956,1.0624112192282533,1.101,1.099,1.1312538806095427,452,XAUUSD
1787211856,1.10054911859835,1.101,1.099,1.0877205933095775,246,USDJPY
1787211856,1.0979214050029287,1.101,1.099,1.092191673397107,253,GBPUSD
1787211856,1.0632085765355477,1.101,1.099,1.1314399393051398,258,XAUUSD
1787211856,1.0909604969457443,1.101,1.099,1.0844593154080115,463,EURUSD
1787212756,1.1016731901374661,1.101,1.099,1.0865750013081117,654,USDJPY
1787212756,1.0924880597664224,1.101,1.099,1.0848640998781616,857,EURUSD
1787212756,1.0969908782703433,1.101,1.099,1.0937489916600456,624,GBPUSD
1787212756,1.0626446842496562,1.101,1.099,1.1316684758520696,325,XAUUSD
1787213656,1.092520140350935,1.101,1.099,1.0828459919291726,194,EURUSD
1787213656,1.0628745983214682,1.101,1.099,1.133266122719804,846,XAUUSD
1787213656,1.102459218752827,1.101,1.099,1.0876333609378928,184,USDJPY
1787213656,1.0976876750898752,1.101,1.099,1.0916755883464218,294,GBPUSD
1787214556,1.1010519328384831,1.101,1.099,1.0871290010632757,410,USDJPY
1787214556,1.090775818939354,1.101,1.099,1.082233560233022,356,EURUSD
1787214556,1.0636094045327957,1.101,1.099,1.1333171656549734,569,XAUUSD
1787214556,1.0982205137717371,1.101,1.099,1.0929319294396336,294,GBPUSD
1787215456,1.0981126430087083,1.101,1.099,1.0927902973368064,353,GBPUSD
1787215456,1.1004138550224805,1.101,1.099,1.0880120460078126,271,USDJPY
1787215456,1.0906169698192727,1.101,1.099,1.0823037626957888,101,EURUSD
1787215456,1.0624558733038765,1.101,1.099,1.1337420530462712,907,XAUUSD
1787216356,1.090052205313642,1.101,1.099,1.083282678382512,558,EURUSD
1787216356,1.0998784845460061,1.101,1.099,1.0931978720205866,136,GBPUSD
1787216356,1.0625437775457027,1.101,1.099,1.1326290427201382,862,XAUUSD
1787216356,1.100296649734176,1.101,1.099,1.0867667252646573,817,USDJPY
1787217256,1.0895336817623353,1.101,1.099,1.0827412698751677,785,EURUSD
1787217256,1.0988917133882987,1.101,1.099,1.0927110582464767,937,GBPUSD
1787217256,1.0621704884634173,1.101,1.099,1.1327384192993963,805,XAUUSD
1787217256,1.1006604397136668,1.101,1.099,1.0857321756223075,614,USDJPY
1787218156,1.1016084760255545,1.101,1.099,1.0852158820254214,695,USDJPY
1787218156,1.1004945063602316,1.101,1.099,1.0923982616965306,113,GBPUSD
1787218156,1.0619649723282518,1.101,1.099,1.1341688379776067,501,XAUUSD
1787218156,1.0906161167628197,1.101,1.099,1.0823790463851024,531,EURUSD
1787219056,1.0987648584382417,1.101,1.099,1.0910686585705243,447,GBPUSD
1787219056,1.0899178400806566,1.101,1.099,1.0819956460302322,681,EURUSD
1787219056,1.1011096956605146,1.101,1.099,1.085270666079065,861,USDJPY
1787219056,1.0628885224231859,1.101,1.099,1.1331109200970146,217,XAUUSD
1787219956,1.1005704605818398,1.101,1.099,1.0838236393379141,584,USDJPY
1787219956,1.0624056617850988,1.101,1.099,1.1339505226218036,191,XAUUSD
1787219956,1.0882116726663678,1.101,1.099,1.0825510625837238,803,EURUSD
1787219956,1.099749539104674,1.101,1.099,1.0921219387398895,179,GBPUSD
1787220856,1.0892843840017732,1.101,1.099,1.0828926859489636,982,EURUSD
1787220856,1.0623231140664344,1.101,1.099,1.136091936341885,565,XAUUSD
1787220856,1.1000992772178546,1.101,1.099,1.083390588081323,981,USDJPY
1787220856,1.0997396275631794,1.101,1.099,1.091718114208978,270,GBPUSD
1787221756,1.062235099655672,1.101,1.099,1.1376441559766197,104,XAUUSD
1787221756,1.0879563039984952,1.101,1.099,1.0825807013655275,271,EURUSD
1787221756,1.1001905043800866,1.101,1.099,1.093579517295397,670,GBPUSD
1787221756,1.099028298643523,1.101,1.099,1.0837970400230967,619,USDJPY
1787222656,1.0873820014806004,1.101,1.099,1.083507398857607,714,EURUSD
1787222656,1.0621316332821045,1.101,1.099,1.138439210237524,153,XAUUSD
1787222656,1.0987640583659768,1.101,1.099,1.0858059355761975,333,USDJPY
1787222656,1.101099224499044,1.101,1.099,1.0934054519794085,560,GBPUSD
1787223556,1.0616320813367714,1.101,1.099,1.1383224277943023,351,XAUUSD
1787223556,1.098133945367569,1.101,1.099,1.0839841463744655,144,USDJPY
1787223556,1.1020468922675384,1.101,1.099,1.0941765239716936,397,GBPUSD
1787223556,1.0882544317318446,1.101,1.099,1.0841812736775651,329,EURUSD
1787224456,1.0876003136896228,1.101,1.099,1.0850750131579672,209,EURUSD
1787224456,1.1026447240746262,1.101,1.099,1.0928569705039515,837,GBPUSD
1787224456,1.0999804453580173,1.101,1.099,1.0842690074634904,130,USDJPY
1787224456,1.0614878036375732,1.101,1.099,1.1382103936458534,384,XAUUSD
1787225356,1.1026815639325898,1.101,1.099,1.09290111127296,639,GBPUSD
1787225356,1.0994291649382275,1.101,1.099,1.0841560326165869,342,USDJPY
1787225356,1.0614654613810672,1.101,1.099,1.137748456089457,198,XAUUSD
1787225356,1.085237621150681,1.101,1.099,1.0841632263995222,255,EURUSD
1787226256,1.061184110646625,1.101,1.099,1.1371160383099834,468,XAUUSD
1787226256,1.0849392803403068,1.101,1.099,1.0845349017021866,205,EURUSD
1787226256,1.1009131060262842,1.101,1.099,1.0836784789898846,506,USDJPY
1787226256,1.1028690300331734,1.101,1.099,1.0955206266602193,179,GBPUSD
1787227156,1.0618142255851812,1.101,1.099,1.1368754014070666,562,XAUUSD
1787227156,1.0839913882835575,1.101,1.099,1.084821716138599,283,EURUSD
1787227156,1.101870611016112,1.101,1.099,1.0946955994417364,114,GBPUSD
1787227156,1.100287381446293,1.101,1.099,1.082067495369434,850,USDJPY
1787228056,1.0828495118158155,1.101,1.099,1.0841492537114086,120,EURUSD
1787228056,1.0637686145852858,1.101,1.099,1.1367533730214092,854,XAUUSD
1787228056,1.1006634298179583,1.101,1.099,1.0817358204901972,409,USDJPY
1787228056,1.1030067607001746,1.101,1.099,1.0942400920754538,227,GBPUSD
1787228956,1.0657577554126223,1.101,1.099,1.1366082022892054,216,XAUUSD
1787228956,1.0829149893531513,1.101,1.099,1.0862315375018936,151,EURUSD
1787228956,1.1034814979978504,1.101,1.099,1.094711873617261,263,GBPUSD
1787228956,1.100382568893927,1.101,1.099,1.0823465391426639,892,USDJPY
1787229856,1.1047158369956116,1.101,1.099,1.0949301320367166,260,GBPUSD
1787229856,1.0667461451949778,1.101,1.099,1.1367819668621975,945,XAUUSD
1787229856,1.1007174335712662,1.101,1.099,1.0819432507961244,218,USDJPY
1787229856,1.0818871274001514,1.101,1.099,1.0852611208770533,800,EURUSD
1787230756,1.099845996203674,1.101,1.099,1.0814559995209658,531,USDJPY
1787230756,1.082616591486016,1.101,1.099,1.0860776434166528,302,EURUSD
1787230756,1.1045073004451402,1.101,1.099,1.0933136560968768,298,GBPUSD
1787230756,1.066712601497013,1.101,1.099,1.1370656283025544,774,XAUUSD
1787231656,1.0827072047514925,1.101,1.099,1.0881068986700932,459,EURUSD
1787231656,1.1050655048606894,1.101,1.099,1.0941792353509214,949,GBPUSD
1787231656,1.0994116267940053,1.101,1.099,1.083796178410785,337,USDJPY
1787231656,1.0669254107102535,1.101,1.099,1.1365229590776935,550,XAUUSD
1787232556,1.1047097285588683,1.101,1.099,1.0933130024193887,467,GBPUSD
1787232556,1.100356145787043,1.101,1.099,1.0828886752699867,873,USDJPY
1787232556,1.0668751185161574,1.101,1.099,1.1383944940908945,311,XAUUSD
1787232556,1.0830769553676172,1.101,1.099,1.0872972474241185,753,EURUSD
1787233456,1.1007942466545753,1.101,1.099,1.083473746705212,154,USDJPY
1787233456,1.0686838082049968,1.101,1.099,1.1386868155396321,524,XAUUSD
1787233456,1.0830494955984094,1.101,1.099,1.0870173617834786,148,EURUSD
1787233456,1.1031678926177906,1.101,1.099,1.0956668907559393,316,GBPUSD
1787234356,1.1030415193779777,1.101,1.099,1.0943820946847147,474,GBPUSD
1787234356,1.1025127797921455,1.101,1.099,1.0836273913962051,448,USDJPY
1787234356,1.0676221526632008,1.101,1.099,1.1384284841501493,246,XAUUSD
1787234356,1.083100178877225,1.101,1.099,1.0865879208300806,403,EURUSD
1787235256,1.08320588594388,1.101,1.099,1.0868958710111531,279,EURUSD
1787235256,1.1035236163837152,1.101,1.099,1.0946325615767005,604,GBPUSD
1787235256,1.0667774943021777,1.101,1.099,1.1386348024471586,953,XAUUSD
1787235256,1.1014023275938027,1.101,1.099,1.084374007621423,398,USDJPY
1787236156,1.1021325885442164,1.101,1.099,1.0824627439239174,569,USDJPY
1787236156,1.0649171315070585,1.101,1.099,1.1384873153904056,514,XAUUSD
1787236156,1.1025736567611366,1.101,1.099,1.0935961561712493,918,GBPUSD
1787236156,1.0832742298287175,1.101,1.099,1.0863202208026603,748,EURUSD
1787237056,1.082860590500972,1.101,1.099,1.0856282229701866,638,EURUSD
1787237056,1.1039837560785262,1.101,1.099,1.0945166374946438,113,GBPUSD
1787237056,1.0652170427550889,1.101,1.099,1.138418877548013,731,XAUUSD
1787237056,1.1007897053915685,1.101,1.099,1.0822446825334286,230,USDJPY
1787237956,1.0845073004841728,1.101,1.099,1.0861461531128884,549,EURUSD
1787237956,1.0998063235295878,1.101,1.099,1.0835309581972081,987,USDJPY
1787237956,1.103356266535858,1.101,1.099,1.0936678510363451,267,GBPUSD
1787237956,1.063901460520453,1.101,1.099,1.1399142685591541,655,XAUUSD
1787238856,1.0999913974325612,1.101,1.099,1.084978186224777,573,USDJPY
1787238856,1.0839621231661245,1.101,1.099,1.0874768299708981,979,EURUSD
1787238856,1.0633743860627018,1.101,1.099,1.141353080700969,164,XAUUSD
1787238856,1.1036485062213128,1.101,1.099,1.093249252847379,782,GBPUSD
1787239756,1.0855132962540857,1.101,1.099,1.089076281388625,983,EURUSD
1787239756,1.0639375715632382,1.101,1.099,1.1411183965640506,794,XAUUSD
1787239756,1.1025318701991127,1.101,1.099,1.0947550713005405,856,GBPUSD
1787239756,1.099191607868831,1.101,1.099,1.0839200791123909,394,USDJPY
1787240656,1.0981688347618734,1.101,1.099,1.0836522599370455,157,USDJPY
1787240656,1.0648097106721397,1.101,1.099,1.140005392967315,686,XAUUSD
1787240656,1.0852611530975271,1.101,1.099,1.0891668140085982,937,EURUSD
1787240656,1.1027567232968183,1.101,1.099,1.0924736401533537,626,GBPUSD
1787241556,1.0647950795610617,1.101,1.099,1.140305595738999,477,XAUUSD
1787241556,1.0852246234497895,1.101,1.099,1.0878155767144588,935,EURUSD
1787241556,1.0967855163719482,1.101,1.099,1.0815659692386101,771,USDJPY
1787241556,1.1024245811099262,1.101,1.099,1.0906727784994568,419,GBPUSD
1787242456,1.0980210174032996,1.101,1.099,1.0815696275353304,764,USDJPY
1787242456,1.1033232070819268,1.101,1.099,1.0897940026519441,720,GBPUSD
1787242456,1.0645291716441896,1.101,1.099,1.139695177906593,102,XAUUSD
1787242456,1.085786192723736,1.101,1.099,1.0867163810567004,362,EURUSD
1787243356,1.1020699576019382,1.101,1.099,1.0891698686561537,872,GBPUSD
1787243356,1.086442845993651,1.101,1.099,1.0859611310586565,334,EURUSD
1787243356,1.0988736600483844,1.101,1.099,1.0819580923535916,125,USDJPY
1787243356,1.0656818788213671,1.101,1.099,1.138673411210695,384,XAUUSD
1787244256,1.101199782941925,1.101,1.099,1.0888116489154798,902,GBPUSD
1787244256,1.1006951743363798,1.101,1.099,1.0813681276914398,518,USDJPY
1787244256,1.0667450193314665,1.101,1.099,1.1393280197937572,348,XAUUSD
1787244256,1.0868346552007146,1.101,1.099,1.086169478309397,557,EURUSD
1787245156,1.098759897031418,1.101,1.099,1.0807811437026995,796,USDJPY
1787245156,1.1025929659542526,1.101,1.099,1.0897313156002122,486,GBPUSD
1787245156,1.0844949453086565,1.101,1.099,1.08693155751762,573,EURUSD
1787245156,1.0673251241260218,1.101,1.099,1.138016340911782,387,XAUUSD
1787246056,1.099284833579236,1.101,1.099,1.0800616728799635,201,USDJPY
1787246056,1.0831373485134363,1.101,1.099,1.088951701671225,711,EURUSD
1787246056,1.1020440750880425,1.101,1.099,1.0901161830353345,681,GBPUSD
1787246056,1.0674176031610496,1.101,1.099,1.136700621077161,862,XAUUSD
1787246956,1.08268806263239,1.101,1.099,1.0893254926179419,462,EURUSD
1787246956,1.0990236131662652,1.101,1.099,1.0808113472489698,941,USDJPY
1787246956,1.0657453680902795,1.101,1.099,1.1355537880129611,132,XAUUSD
1787246956,1.1031225146186152,1.101,1.099,1.0890910903007969,941,GBPUSD
1787247856,1.1017713804775413,1.101,1.099,1.087021578063416,570,GBPUSD
1787247856,1.0649422249256235,1.101,1.099,1.1371327948933185,958,XAUUSD
1787247856,1.0980136187287728,1.101,1.099,1.0822449461006176,761,USDJPY
1787247856,1.083637457503307,1.101,1.099,1.088218571454798,904,EURUSD
1787248756,1.0651893131836294,1.101,1.099,1.1378220694468013,857,XAUUSD
1787248756,1.0841412340268033,1.101,1.099,1.0917907353369354,772,EURUSD
1787248756,1.1032329290048113,1.101,1.099,1.0868627530419062,856,GBPUSD
1787248756,1.100122455184042,1.101,1.099,1.0827630568401767,974,USDJPY
1787249656,1.065143241038505,1.101,1.099,1.1378672643841425,720,XAUUSD
1787249656,1.0828349952441894,1.101,1.099,1.092341021684633,608,EURUSD
1787249656,1.1007839702179867,1.101,1.099,1.0823454757887234,833,USDJPY
1787249656,1.1035665958630276,1.101,1.099,1.0880720795485601,378,GBPUSD
1787250556,1.1022332148775291,1.101,1.099,1.0879765796043461,284,GBPUSD
1787250556,1.0838135155101996,1.101,1.099,1.092411371646804,250,EURUSD
1787250556,1.1008328423043658,1.101,1.099,1.0804998743487746,437,USDJPY
1787250556,1.0634180176285808,1.101,1.099,1.1373843795675807,399,XAUUSD
1787251456,1.1000798466485842,1.101,1.099,1.0807223947882263,497,USDJPY
1787251456,1.0823014227698795,1.101,1.099,1.090945146233264,229,EURUSD
1787251456,1.0642130484161931,1.101,1.099,1.1377451658016715,989,XAUUSD
1787251456,1.102078195429057,1.101,1.099,1.0882695719113311,300,GBPUSD
1787252356,1.081416759115107,1.101,1.099,1.0911250932044247,159,EURUSD
1787252356,1.0619745748132765,1.101,1.099,1.1384810585084353,158,XAUUSD
1787252356,1.1020237016220984,1.101,1.099,1.0877479918595232,316,GBPUSD
1787252356,1.0988543662719676,1.101,1.099,1.0789925168980912,170,USDJPY
1787253256,1.0983232122539701,1.101,1.099,1.079057522428592,116,USDJPY
1787253256,1.1029329523728424,1.101,1.099,1.0876224727144757,508,GBPUSD
1787253256,1.0630930596372372,1.101,1.099,1.1393616396373536,761,XAUUSD
1787253256,1.0797589851439384,1.101,1.099,1.0914322427385483,396,EURUSD
1787254156,1.0803402865679228,1.101,1.099,1.091310270602836,430,EURUSD
1787254156,1.0641835491764369,1.101,1.099,1.1401228861119206,856,XAUUSD
1787254156,1.1006523241528712,1.101,1.099,1.0888094446502254,496,GBPUSD
1787254156,1.0975302803004363,1.101,1.099,1.0792888672784364,249,USDJPY
1787255056,1.0981897597544692,1.101,1.099,1.078776437552402,481,USDJPY
1787255056,1.1010481286788112,1.101,1.099,1.0881352810557816,156,GBPUSD
1787255056,1.0647291182186922,1.101,1.099,1.138901762635175,845,XAUUSD
1787255056,1.0791286689301174,1.101,1.099,1.0916373690662788,820,EURUSD
1787255956,1.0981509193316559,1.101,1.099,1.078950227040936,216,USDJPY
1787255956,1.0638674002507205,1.101,1.099,1.139992595849094,932,XAUUSD
1787255956,1.102604263964621,1.101,1.099,1.0886717368006606,790,GBPUSD
1787255956,1.0795957075233589,1.101,1.099,1.091197755511638,916,EURUSD
1787256856,1.0624790028844837,1.101,1.099,1.140693162550503,895,XAUUSD
1787256856,1.0800425431234488,1.101,1.099,1.091411790518311,651,EURUSD
1787256856,1.096487055941627,1.101,1.099,1.077443786828102,611,USDJPY
1787256856,1.1018355597741043,1.101,1.099,1.0867089903640534,886,GBPUSD
1787257756,1.0784382856729136,1.101,1.099,1.0919466861260454,739,EURUSD
1787257756,1.0965391479088917,1.101,1.099,1.0770184162909635,128,USDJPY
1787257756,1.102652569863056,1.101,1.099,1.0877671955998978,333,GBPUSD
1787257756,1.062305443837748,1.101,1.099,1.1415496168625792,791,XAUUSD
1787258656,1.102929595494126,1.101,1.099,1.0863929352846662,647,GBPUSD
1787258656,1.0779571936547212,1.101,1.099,1.0909417999886148,885,EURUSD
1787258656,1.0614878385632331,1.101,1.099,1.143084463035427,629,XAUUSD
1787258656,1.0965442742822828,1.101,1.099,1.0772840391237632,893,USDJPY
1787259556,1.062215494631262,1.101,1.099,1.144094900919564,502,XAUUSD
1787259556,1.0954596634126474,1.101,1.099,1.075572655905868,953,USDJPY
1787259556,1.1035220581169656,1.101,1.099,1.0863293519649557,485,GBPUSD
1787259556,1.0782201593011962,1.101,1.099,1.0904254428636966,429,EURUSD
1787260456,1.1029386204431946,1.101,1.099,1.0851045413740987,941,GBPUSD
1787260456,1.061394747262782,1.101,1.099,1.1435031396805002,631,XAUUSD
1787260456,1.079308405902383,1.101,1.099,1.0904155513031146,535,EURUSD
1787260456,1.096122034498014,1.101,1.099,1.0755000428665038,736,USDJPY
1787261356,1.0607722774142898,1.101,1.099,1.1420890354750985,817,XAUUSD
1787261356,1.097838193874514,1.101,1.099,1.074609528451859,960,USDJPY
1787261356,1.1042351244211392,1.101,1.099,1.0860186802320295,471,GBPUSD
1787261356,1.0786158434433641,1.101,1.099,1.0900799594648143,981,EURUSD
1787262256,1.0778815076630746,1.101,1.099,1.0894608411939721,347,EURUSD
1787262256,1.0970971302408352,1.101,1.099,1.0733865444813315,132,USDJPY
1787262256,1.102919838592829,1.101,1.099,1.0857587993278877,556,GBPUSD
1787262256,1.0611018989528203,1.101,1.099,1.1422957489649304,719,XAUUSD
1787263156,1.0786859103463968,1.101,1.099,1.0889799349208773,410,EURUSD
1787263156,1.0605939287761195,1.101,1.099,1.1420932026039006,521,XAUUSD
1787263156,1.102971338140392,1.101,1.099,1.085417740991922,663,GBPUSD
1787263156,1.097483967031972,1.101,1.099,1.0734488343502786,850,USDJPY
1787264056,1.0791450854907982,1.101,1.099,1.0879069448214354,570,EURUSD
1787264056,1.097572358953736,1.101,1.099,1.0731591649560672,295,USDJPY
1787264056,1.0607611679568134,1.101,1.099,1.1429178377536537,388,XAUUSD
1787264056,1.1009713820175464,1.101,1.099,1.085168019246424,522,GBPUSD
1787264956,1.1009778384887425,1.101,1.099,1.0834479272220487,669,GBPUSD
1787264956,1.0636024877784378,1.101,1.099,1.143723177574182,481,XAUUSD
1787264956,1.0807375391240381,1.101,1.099,1.0886880912078842,411,EURUSD
1787264956,1.0972303939994703,1.101,1.099,1.075119118613206,380,USDJPY
1787265856,1.0816033802155802,1.101,1.099,1.0876129064770506,928,EURUSD
1787265856,1.0957846885060427,1.101,1.099,1.0759684749921248,910,USDJPY
1787265856,1.063728805177638,1.101,1.099,1.1434960171113644,291,XAUUSD
1787265856,1.1007010545369424,1.101,1.099,1.0845785947926667,917,GBPUSD
1787266756,1.0994769225669436,1.101,1.099,1.0834509035106341,657,GBPUSD
1787266756,1.0652281289904333,1.101,1.099,1.142434417593689,518,XAUUSD
1787266756,1.0973451392152835,1.101,1.099,1.0758378029050375,418,USDJPY
1787266756,1.0824570056756175,1.101,1.099,1.087879352291067,649,EURUSD
1787267656,1.082546233650784,1.101,1.099,1.087700130275316,664,EURUSD
1787267656,1.0958771598672223,1.101,1.099,1.0765805833728848,936,USDJPY
1787267656,1.1006373362252102,1.101,1.099,1.0834226346719826,781,GBPUSD
1787267656,1.0650660695423069,1.101,1.099,1.143480273485698,437,XAUUSD
1787268556,1.0653523193475147,1.101,1.099,1.1424152041847684,605,XAUUSD
1787268556,1.0950822831895386,1.101,1.099,1.0747061114603518,207,USDJPY
1787268556,1.0994717536515055,1.101,1.099,1.083206102179842,460,GBPUSD
1787268556,1.0817525389891856,1.101,1.099,1.0874888011878945,918,EURUSD
1787269456,1.095692492033308,1.101,1.099,1.0751591681028279,984,USDJPY
1787269456,1.0654101820704183,1.101,1.099,1.142860496960665,515,XAUUSD
1787269456,1.0996199751211144,1.101,1.099,1.084171154908575,333,GBPUSD
1787269456,1.0812768979260219,1.101,1.099,1.0857217533400159,598,EURUSD
1787270356,1.0808657426835473,1.101,1.099,1.083437972987431,678,EURUSD
1787270356,1.099684125799722,1.101,1.099,1.083832234575616,576,GBPUSD
1787270356,1.0952824945888406,1.101,1.099,1.0756290263491415,737,USDJPY
1787270356,1.0653839770221745,1.101,1.099,1.1442823861081477,834,XAUUSD
1787271256,1.0953149116308947,1.101,1.099,1.076272162775155,931,USDJPY
1787271256,1.0653768281678846,1.101,1.099,1.1448683978014096,984,XAUUSD
1787271256,1.1002708279683484,1.101,1.099,1.085196688999558,438,GBPUSD
1787271256,1.0819882318410246,1.101,1.099,1.0844658426283293,971,EURUSD
1787272156,1.0829203128792242,1.101,1.099,1.085696312761804,466,EURUSD
1787272156,1.0983829933358091,1.101,1.099,1.085107428531949,764,GBPUSD
1787272156,1.0656848163096702,1.101,1.099,1.143895919077422,318,XAUUSD
1787272156,1.0949348826335676,1.101,1.099,1.0761352937275313,648,USDJPY
1787273056,1.0991157342994402,1.101,1.099,1.0873885395670853,990,GBPUSD
1787273056,1.0658660009466736,1.101,1.099,1.1451839362007594,722,XAUUSD
1787273056,1.094107898844686,1.101,1.099,1.0752132191325843,348,USDJPY
1787273056,1.0829722366960761,1.101,1.099,1.0862545742290508,872,EURUSD
1787273956,1.066530115342489,1.101,1.099,1.1446629072986294,741,XAUUSD
1787273956,1.0828289312314652,1.101,1.099,1.0858065893278595,623,EURUSD
1787273956,1.0934164027053392,1.101,1.099,1.07714989338619,401,USDJPY
1787273956,1.0997436730109849,1.101,1.099,1.0868645237569237,855,GBPUSD
1787274856,1.0933388953637297,1.101,1.099,1.0761091426423948,245,USDJPY
1787274856,1.0678384965764824,1.101,1.099,1.1442815287593466,632,XAUUSD
1787274856,1.0993375645413597,1.101,1.099,1.0869137155384128,189,GBPUSD
1787274856,1.0835068839023239,1.101,1.099,1.0843639309293613,144,EURUSD
1787275756,1.0929823397174019,1.101,1.099,1.0763812102735686,101,USDJPY
1787275756,1.1007250323785527,1.101,1.099,1.086705451153139,889,GBPUSD
1787275756,1.0679411215352366,1.101,1.099,1.144567393360453,215,XAUUSD
1787275756,1.0849646026185282,1.101,1.099,1.0845274808170258,253,EURUSD
1787276656,1.1013365313867456,1.101,1.099,1.0844140115026042,867,GBPUSD
1787276656,1.0909909589653004,1.101,1.099,1.077665933031589,418,USDJPY
1787276656,1.066637537176238,1.101,1.099,1.1466783129675828,367,XAUUSD
1787276656,1.0854933051363476,1.101,1.099,1.084828478521363,994,EURUSD
1787277556,1.0656513842100135,1.101,1.099,1.1473621207464457,609,XAUUSD
1787277556,1.0850386526850986,1.101,1.099,1.0848259719386932,351,EURUSD
1787277556,1.1017083780009638,1.101,1.099,1.084572652140531,539,GBPUSD
1787277556,1.0916783754225676,1.101,1.099,1.0789177661168585,607,USDJPY
1787278456,1.1020717088160634,1.101,1.099,1.084866411194193,829,GBPUSD
1787278456,1.0920027620224062,1.101,1.099,1.0803171490200656,763,USDJPY
1787278456,1.065616675119962,1.101,1.099,1.1459049263329648,157,XAUUSD
1787278456,1.0839661752467906,1.101,1.099,1.085355606724169,315,EURUSD
1787279356,1.084637080914676,1.101,1.099,1.0867670670888971,537,EURUSD
1787279356,1.1045704774689202,1.101,1.099,1.0855809067875972,583,GBPUSD
1787279356,1.065923751206221,1.101,1.099,1.144334682935182,216,XAUUSD
1787279356,1.0921616316117488,1.101,1.099,1.0805443824534853,223,USDJPY
1787280256,1.084202064197677,1.101,1.099,1.0868714283078846,304,EURUSD
1787280256,1.10601708591217,1.101,1.099,1.0858118378365158,660,GBPUSD
1787280256,1.0919709964950082,1.101,1.099,1.081369637974906,763,USDJPY
1787280256,1.0644871042860735,1.101,1.099,1.1430221988148754,383,XAUUSD
1787281156,1.085416210316426,1.101,1.099,1.0877184182930977,317,EURUSD
1787281156,1.106098716259075,1.101,1.099,1.086224786962788,565,GBPUSD
1787281156,1.0656748710503738,1.101,1.099,1.143184332587913,342,XAUUSD
1787281156,1.0924974295643812,1.101,1.099,1.0813175804238437,756,USDJPY
1787282056,1.092064758071925,1.101,1.099,1.0808001848835815,144,USDJPY
1787282056,1.065290465690299,1.101,1.099,1.1444095995834875,548,XAUUSD
1787282056,1.1071816338404095,1.101,1.099,1.086294579078294,364,GBPUSD
1787282056,1.0851941668159077,1.101,1.099,1.0910246347304942,808,EURUSD
1787282956,1.1067844442514134,1.101,1.099,1.0846689211123501,942,GBPUSD
1787282956,1.0930829850176207,1.101,1.099,1.0784525021252982,877,USDJPY
1787282956,1.0651441242196198,1.101,1.099,1.1441661913735557,465,XAUUSD
1787282956,1.0850973539066149,1.101,1.099,1.0918345007967027,910,EURUSD
1787283856,1.0864795707789119,1.101,1.099,1.0919167675731594,579,EURUSD
1787283856,1.0949603670891936,1.101,1.099,1.0785797824981753,189,USDJPY
1787283856,1.1053960237270177,1.101,1.099,1.0850400156834696,908,GBPUSD
1787283856,1.066816666906368,1.101,1.099,1.1450755621585196,813,XAUUSD
1787284756,1.066243358865614,1.101,1.099,1.1448491936382401,618,XAUUSD
1787284756,1.1066280342470958,1.101,1.099,1.0846782608745238,301,GBPUSD
1787284756,1.0949718695651791,1.101,1.099,1.0790671285147928,875,USDJPY
1787284756,1.0855776100069248,1.101,1.099,1.0926987524640273,374,EURUSD
1787285656,1.0947559006847103,1.101,1.099,1.077968640617203,165,USDJPY
1787285656,1.1066202722981477,1.101,1.099,1.08354232420098,100,GBPUSD
1787285656,1.0662659471109837,1.101,1.099,1.1450239892194267,377,XAUUSD
1787285656,1.0854710002252668,1.101,1.099,1.0921693219206225,278,EURUSD
1787286556,1.0935314218294792,1.101,1.099,1.0784643944732042,879,USDJPY
1787286556,1.0654643949208786,1.101,1.099,1.143628172819282,598,XAUUSD
1787286556,1.107339485957339,1.101,1.099,1.0833660004304726,777,GBPUSD
1787286556,1.0856191076425552,1.101,1.099,1.093397412478642,631,EURUSD
1787287456,1.0655022566871306,1.101,1.099,1.1435836692138728,284,XAUUSD
1787287456,1.085216643244233,1.101,1.099,1.0927137580018929,275,EURUSD
1787287456,1.094998331248774,1.101,1.099,1.0778210237239763,365,USDJPY
1787287456,1.1074147721102747,1.101,1.099,1.0837153786243723,953,GBPUSD
1787288356,1.0852042978178182,1.101,1.099,1.0917824140312362,182,EURUSD
1787288356,1.0947762746753502,1.101,1.099,1.0786853552281617,978,USDJPY
1787288356,1.1075176410920464,1.101,1.099,1.082321388698572,479,GBPUSD
1787288356,1.06523976428767,1.101,1.099,1.142518579278189,192,XAUUSD
1787289256,1.0925219521603575,1.101,1.099,1.0782549698668626,556,USDJPY
1787289256,1.065200580959338,1.101,1.099,1.1426962741855922,218,XAUUSD
1787289256,1.0868367034307262,1.101,1.099,1.094010847607693,931,EURUSD
1787289256,1.108420410650752,1.101,1.099,1.0819545783551674,165,GBPUSD
1787290156,1.1081254489812093,1.101,1.099,1.081664467935734,802,GBPUSD
1787290156,1.086991462139874,1.101,1.099,1.0930442064495218,368,EURUSD
1787290156,1.090931461711199,1.101,1.099,1.0777931210417913,871,USDJPY
1787290156,1.0666253865422104,1.101,1.099,1.1429662896452297,961,XAUUSD
1787291056,1.0908927800851806,1.101,1.099,1.0768136553618533,962,USDJPY
1787291056,1.0656798156837206,1.101,1.099,1.1434277807600466,423,XAUUSD
1787291056,1.0854492678039978,1.101,1.099,1.0923225167375534,990,EURUSD
1787291056,1.1078585712086195,1.101,1.099,1.0810879874870016,985,GBPUSD
1787291956,1.0895446469197967,1.101,1.099,1.0768458635926141,390,USDJPY
1787291956,1.064730436992471,1.101,1.099,1.1448143848420238,355,XAUUSD
1787291956,1.107792941029962,1.101,1.099,1.0805381428222718,161,GBPUSD
1787291956,1.086213349549595,1.101,1.099,1.0938341575179633,689,EURUSD
1787292856,1.1066788115122357,1.101,1.099,1.0812627348094526,169,GBPUSD
1787292856,1.0858166517685843,1.101,1.099,1.093305493424491,289,EURUSD
1787292856,1.0898335017780763,1.101,1.099,1.0782006739208634,988,USDJPY
1787292856,1.064077655433605,1.101,1.099,1.1441944634810226,947,XAUUSD
1787293756,1.063319932505059,1.101,1.099,1.1441456612519079,762,XAUUSD
1787293756,1.1063521167855537,1.101,1.099,1.0792832497027816,775,GBPUSD
1787293756,1.0894937568262182,1.101,1.099,1.077967690673325,303,USDJPY
1787293756,1.0849558301253142,1.101,1.099,1.09367705297508,158,EURUSD
1787294656,1.0857747097981163,1.101,1.099,1.0930047705508157,917,EURUSD
1787294656,1.1058000048381276,1.101,1.099,1.0792589606531975,158,GBPUSD
1787294656,1.0903609651402655,1.101,1.099,1.078471923072245,721,USDJPY
1787294656,1.0627788786539716,1.101,1.099,1.1439673743377021,604,XAUUSD
1787295556,1.0913587517194794,1.101,1.099,1.0786681714901347,688,USDJPY
1787295556,1.0870542279356663,1.101,1.099,1.092856901912733,908,EURUSD
1787295556,1.064227982590603,1.101,1.099,1.1450627540124396,623,XAUUSD
1787295556,1.1063031840199526,1.101,1.099,1.0801718076039477,539,GBPUSD
1787296456,1.105540733372847,1.101,1.099,1.079478911017953,184,GBPUSD
1787296456,1.064699224432674,1.101,1.099,1.143405839782566,414,XAUUSD
1787296456,1.091317898336614,1.101,1.099,1.0791614519127728,865,USDJPY
1787296456,1.0869466627015223,1.101,1.099,1.0935818955507846,394,EURUSD
1787297356,1.0916888189606317,1.101,1.099,1.0778870947852452,158,USDJPY
1787297356,1.1031317351648828,1.101,1.099,1.0802286814339446,871,GBPUSD
1787297356,1.0851069352655651,1.101,1.099,1.0938842076549384,626,EURUSD
1787297356,1.0656901150269125,1.101,1.099,1.1423749214741792,253,XAUUSD
1787298256,1.0917933874516608,1.101,1.099,1.0780507072747616,335,USDJPY
1787298256,1.0854785770232083,1.101,1.099,1.095354886899506,134,EURUSD
1787298256,1.1050076750120446,1.101,1.099,1.081263767673467,315,GBPUSD
1787298256,1.0671617401422717,1.101,1.099,1.1425482145677313,403,XAUUSD
1787299156,1.105099769115663,1.101,1.099,1.0824179801104463,411,GBPUSD
1787299156,1.0924761923718318,1.101,1.099,1.0786084594216379,206,USDJPY
1787299156,1.0671831277892008,1.101,1.099,1.1419732214590799,804,XAUUSD
1787299156,1.0863851747587165,1.101,1.099,1.0955047265356714,868,EURUSD
1787300056,1.0658318688607302,1.101,1.099,1.1434242072006935,932,XAUUSD
1787300056,1.0882366611444678,1.101,1.099,1.0960526684763312,806,EURUSD
1787300056,1.1047378747513885,1.101,1.099,1.0824405858900534,335,GBPUSD
1787300056,1.0926170560010666,1.101,1.099,1.0780242075909066,769,USDJPY
1787300956,1.088801892188074,1.101,1.099,1.0947237929516218,394,EURUSD
1787300956,1.0659541015876541,1.101,1.099,1.1430718208350805,577,XAUUSD
1787300956,1.0933738876086228,1.101,1.099,1.0764241396097747,779,USDJPY
1787300956,1.1035968522586788,1.101,1.099,1.0820871015423654,678,GBPUSD
1787301856,1.093631577147642,1.101,1.099,1.0764420153961265,309,USDJPY
1787301856,1.1051602611259446,1.101,1.099,1.0818602286340626,229,GBPUSD
1787301856,1.0895928026587356,1.101,1.099,1.0950486584164376,184,EURUSD
1787301856,1.066184217061053,1.101,1.099,1.1433250104773711,554,XAUUSD
1787302756,1.0898589914186725,1.101,1.099,1.093444368096874,928,EURUSD
1787302756,1.0665621220802857,1.101,1.099,1.1427028892562563,625,XAUUSD
1787302756,1.094421316984244,1.101,1.099,1.07563212492404,629,USDJPY
1787302756,1.1059315826982765,1.101,1.099,1.082758035085996,997,GBPUSD
1787303656,1.0679177938000113,1.101,1.099,1.1434969926217808,428,XAUUSD
1787303656,1.0895522119662664,1.101,1.099,1.0936256822580548,187,EURUSD
1787303656,1.1054403491302112,1.101,1.099,1.0825320551726438,513,GBPUSD
1787303656,1.0941789450953796,1.101,1.099,1.0757058580317367,993,USDJPY
1787304556,1.0890879583849002,1.101,1.099,1.0923855988137015,513,EURUSD
1787304556,1.0689758470831754,1.101,1.099,1.1442951477677972,879,XAUUSD
1787304556,1.0934112852875737,1.101,1.099,1.0751455865282573,700,USDJPY
1787304556,1.1051751897998048,1.101,1.099,1.084278425822452,525,GBPUSD
1787305456,1.0675451130859759,1.101,1.099,1.1449196163084938,556,XAUUSD
1787305456,1.1066625115291384,1.101,1.099,1.085383633720315,657,GBPUSD
1787305456,1.0895717026966665,1.101,1.099,1.0921472596685595,421,EURUSD
1787305456,1.0943058645517378,1.101,1.099,1.0757659272427902,193,USDJPY
1787306356,1.104424731608597,1.101,1.099,1.0855610625601524,177,GBPUSD
1787306356,1.0942651597521855,1.101,1.099,1.0769505504905,212,USDJPY
1787306356,1.0680941156969985,1.101,1.099,1.1455817051691224,802,XAUUSD
1787306356,1.0872352475303262,1.101,1.099,1.0917859104701182,564,EURUSD
1787307256,1.0949235002340847,1.101,1.099,1.0748443672118126,744,USDJPY
1787307256,1.085451635448332,1.101,1.099,1.092098380204933,630,EURUSD
1787307256,1.1048598162922287,1.101,1.099,1.0854558625097805,811,GBPUSD
1787307256,1.0671937361533286,1.101,1.099,1.1450926545855205,251,XAUUSD
1787308156,1.1024348337012195,1.101,1.099,1.0845971562992751,525,GBPUSD
1787308156,1.0684783858166897,1.101,1.099,1.1457809388645441,522,XAUUSD
1787308156,1.096068266976977,1.101,1.099,1.0743999642467033,360,USDJPY
1787308156,1.0854648151962243,1.101,1.099,1.0909343034883703,241,EURUSD
1787309056,1.0967215996848771,1.101,1.099,1.0742247381229297,411,USDJPY
1787309056,1.102218283666028,1.101,1.099,1.082780509040892,446,GBPUSD
1787309056,1.0868834586980916,1.101,1.099,1.0916081398551543,186,EURUSD
1787309056,1.0682236849224869,1.101,1.099,1.145836544845971,465,XAUUSD
1787309956,1.0875869775998561,1.101,1.099,1.0923747838139062,842,EURUSD
1787309956,1.0973255915676807,1.101,1.099,1.0731555588914086,993,USDJPY
1787309956,1.0690096050984697,1.101,1.099,1.1450818323713443,829,XAUUSD
1787309956,1.1014062039325758,1.101,1.099,1.08385294165265,999,GBPUSD
1787310856,1.068884621104305,1.101,1.099,1.1454489361844895,608,XAUUSD
1787310856,1.0848556718310827,1.101,1.099,1.0920518517945237,529,EURUSD
1787310856,1.1008373557838111,1.101,1.099,1.082722543582244,131,GBPUSD
1787310856,1.0967502903563389,1.101,1.099,1.0736394520420598,791,USDJPY
1787311756,1.0863818121297324,1.101,1.099,1.0912273776397095,912,EURUSD
1787311756,1.0700867626237642,1.101,1.099,1.1462634888628664,832,XAUUSD
1787311756,1.0957782997866843,1.101,1.099,1.0752702225007031,238,USDJPY
1787311756,1.1009750417407274,1.101,1.099,1.0836626682416093,410,GBPUSD
1787312656,1.0933991480677574,1.101,1.099,1.0751830245543552,542,USDJPY
1787312656,1.0993462820676683,1.101,1.099,1.0828477054799,668,GBPUSD
1787312656,1.088546702146335,1.101,1.099,1.092658658023082,437,EURUSD
1787312656,1.0708870035124707,1.101,1.099,1.1455001019596782,995,XAUUSD
1787313556,1.1001608788577304,1.101,1.099,1.0847257789610463,296,GBPUSD
1787313556,1.0931822800173516,1.101,1.099,1.0753024640328572,569,USDJPY
1787313556,1.0707082584548053,1.101,1.099,1.1439045771174394,269,XAUUSD
1787313556,1.087114203697791,1.101,1.099,1.093379127373409,837,EURUSD
1787314456,1.0923532993809932,1.101,1.099,1.0752742770312114,165,USDJPY
1787314456,1.08735811856648,1.101,1.099,1.0931538677539938,685,EURUSD
1787314456,1.0993342533739983,1.101,1.099,1.084357637582193,545,GBPUSD
1787314456,1.0689027815373053,1.101,1.099,1.144837503018749,922,XAUUSD
1787315356,1.0886291976685316,1.101,1.099,1.092388488627765,486,EURUSD
1787315356,1.0674298289710062,1.101,1.099,1.1453726601311818,813,XAUUSD
1787315356,1.0928520106512707,1.101,1.099,1.075123436103755,534,USDJPY
1787315356,1.0995840839493043,1.101,1.099,1.0868212610377523,505,GBPUSD
1787316256,1.0677339226622848,1.101,1.099,1.1453963067294066,914,XAUUSD
1787316256,1.099137943911366,1.101,1.099,1.0874502598620939,392,GBPUSD
1787316256,1.0882622414990129,1.101,1.099,1.0923126575207878,755,EURUSD
1787316256,1.0924868384505018,1.101,1.099,1.0762748943645064,724,USDJPY
1787317156,1.088369807612717,1.101,1.099,1.0919782349625904,135,EURUSD
1787317156,1.0923899395757977,1.101,1.099,1.075814122783819,607,USDJPY
1787317156,1.0685393291244076,1.101,1.099,1.143643206489818,994,XAUUSD
1787317156,1.099185502801262,1.101,1.099,1.087483910373936,680,GBPUSD
1787318056,1.0693791020321222,1.101,1.099,1.1419818508295998,241,XAUUSD
1787318056,1.086556568794233,1.101,1.099,1.0924095118945019,175,EURUSD
1787318056,1.0979584065999881,1.101,1.099,1.0859432624063956,982,GBPUSD
1787318056,1.0928589287008827,1.101,1.099,1.0758955138094877,148,USDJPY
1787318956,1.0849645822077312,1.101,1.099,1.09287276221352,357,EURUSD
1787318956,1.0706725012207445,1.101,1.099,1.1407462770929748,307,XAUUSD
1787318956,1.09238112639491,1.101,1.099,1.0760089229842258,232,USDJPY
1787318956,1.097630867287443,1.101,1.099,1.0875296970184523,204,GBPUSD
1787319856,1.0711572366765376,1.101,1.099,1.1392169826479197,362,XAUUSD
1787319856,1.0853850296060958,1.101,1.099,1.0934259281385081,751,EURUSD
1787319856,1.0982420164565343,1.101,1.099,1.0857836612846583,181,GBPUSD
1787319856,1.093449440198692,1.101,1.099,1.075635731847392,882,USDJPY
1787320756,1.0836771283120568,1.101,1.099,1.0935224314366798,855,EURUSD
1787320756,1.0954542177078124,1.101,1.099,1.077741491702078,890,USDJPY
1787320756,1.0707152508791282,1.101,1.099,1.138954026724758,134,XAUUSD
1787320756,1.0983071262552013,1.101,1.099,1.0873259718637949,156,GBPUSD
1787321656,1.0942105999685723,1.101,1.099,1.0777102810682826,793,USDJPY
1787321656,1.0841560388996465,1.101,1.099,1.0929394319618952,943,EURUSD
1787321656,1.0990455052131147,1.101,1.099,1.088086248764411,395,GBPUSD
1787321656,1.0710906190793157,1.101,1.099,1.1384773330632616,642,XAUUSD
1787322556,1.0830447196607977,1.101,1.099,1.092288981783537,787,EURUSD
1787322556,1.0703319596473246,1.101,1.099,1.139880819244259,443,XAUUSD
1787322556,1.0925365290113183,1.101,1.099,1.078117193425208,750,USDJPY
1787322556,1.1025746201580915,1.101,1.099,1.089341184602335,984,GBPUSD
1787323456,1.092511164325865,1.101,1.099,1.0782601155346725,259,USDJPY
1787323456,1.0823202603721704,1.101,1.099,1.0917141173879596,912,EURUSD
1787323456,1.102141575533189,1.101,1.099,1.0889002000418877,653,GBPUSD
1787323456,1.0714639888681365,1.101,1.099,1.1408698274470912,940,XAUUSD
1787324356,1.0828074027354508,1.101,1.099,1.0919108612461539,938,EURUSD
1787324356,1.0717128228039703,1.101,1.099,1.1403390381752971,306,XAUUSD
1787324356,1.0925818714918396,1.101,1.099,1.0766228914597002,837,USDJPY
1787324356,1.1014979416604187,1.101,1.099,1.086997983392375,917,GBPUSD
1787325256,1.0720213326721386,1.101,1.099,1.1405127005911628,183,XAUUSD
1787325256,1.0857830898093845,1.101,1.099,1.091000890735914,694,EURUSD
1787325256,1.1014971896631967,1.101,1.099,1.085383263100397,195,GBPUSD
1787325256,1.0905808647862394,1.101,1.099,1.0761445505008844,646,USDJPY
1787326156,1.1015428755341325,1.101,1.099,1.0855107854744028,433,GBPUSD
1787326156,1.0706663085255246,1.101,1.099,1.1417981201517091,351,XAUUSD
1787326156,1.088280005290195,1.101,1.099,1.0764096008398467,930,USDJPY
1787326156,1.082264292734383,1.101,1.099,1.0900561546882983,338,EURUSD
1787327056,1.089709697504561,1.101,1.099,1.076505499197483,529,USDJPY
1787327056,1.0825161672903185,1.101,1.099,1.0905769342443157,691,EURUSD
1787327056,1.1019666311382477,1.101,1.099,1.0870648001382375,243,GBPUSD
1787327056,1.0697894397646786,1.101,1.099,1.143545076500814,146,XAUUSD
1787327956,1.1018216284144686,1.101,1.099,1.085906670983864,941,GBPUSD
1787327956,1.0889015234226938,1.101,1.099,1.0777770420226087,279,USDJPY
1787327956,1.0703100786593571,1.101,1.099,1.1426855516335959,527,XAUUSD
1787327956,1.0829354546049277,1.101,1.099,1.0910576169546644,909,EURUSD
1787328856,1.0885712484572314,1.101,1.099,1.0781203982176946,441,USDJPY
1787328856,1.1030160815903418,1.101,1.099,1.0853329363535371,327,GBPUSD
1787328856,1.0818444149418107,1.101,1.099,1.0904802414543135,889,EURUSD
1787328856,1.0687337180055076,1.101,1.099,1.1425195703587958,628,XAUUSD
1787329756,1.1023290265635157,1.101,1.099,1.0841211923547092,775,GBPUSD
1787329756,1.0684707115236414,1.101,1.099,1.1416728648127772,996,XAUUSD
1787329756,1.0898171331298785,1.101,1.099,1.0775692952065083,320,USDJPY
1787329756,1.0801628808508519,1.101,1.099,1.0905783370132198,626,EURUSD
1787330656,1.0910524798790509,1.101,1.099,1.0770931955452732,121,USDJPY
1787330656,1.078642720960445,1.101,1.099,1.0909355164358419,459,EURUSD
1787330656,1.1004770751354367,1.101,1.099,1.0839446915651185,321,GBPUSD
1787330656,1.0677799390995106,1.101,1.099,1.1407109988115731,255,XAUUSD
1787331556,1.0766842867065756,1.101,1.099,1.0901984541266656,230,EURUSD
1787331556,1.0927056104547073,1.101,1.099,1.077324954943104,442,USDJPY
1787331556,1.070567810459868,1.101,1.099,1.1405587901405947,748,XAUUSD
1787331556,1.100784007383003,1.101,1.099,1.084127622213755,718,GBPUSD
1787332456,1.076572075569315,1.101,1.099,1.0916365934617456,917,EURUSD
1787332456,1.0702746922694497,1.101,1.099,1.139859270830976,905,XAUUSD
1787332456,1.0994468594261395,1.101,1.099,1.0845536049183468,384,GBPUSD
1787332456,1.0935445501337795,1.101,1.099,1.0770802661345649,512,USDJPY
1787333356,1.0704071974949623,1.101,1.099,1.139470437697335,475,XAUUSD
1787333356,1.0931286543548515,1.101,1.099,1.0751144310681855,665,USDJPY
1787333356,1.100291776932406,1.101,1.099,1.0843077463988182,168,GBPUSD
1787333356,1.076119049931535,1.101,1.099,1.0909372164145772,233,EURUSD
1787334256,1.0693746058442855,1.101,1.099,1.1394905697777573,410,XAUUSD
1787334256,1.0761458847060126,1.101,1.099,1.0896813260720666,625,EURUSD
1787334256,1.0923693678779343,1.101,1.099,1.0769145544657681,929,USDJPY
1787334256,1.0998086425227358,1.101,1.099,1.0855603659795927,331,GBPUSD
1787335156,1.068771409649285,1.101,1.099,1.137854105671578,899,XAUUSD
1787335156,1.1002609416660385,1.101,1.099,1.086465713740367,205,GBPUSD
1787335156,1.0744343427516085,1.101,1.099,1.089693387401961,943,EURUSD
1787335156,1.092187536237628,1.101,1.099,1.0775879974175147,863,USDJPY
1787336056,1.0692592705077157,1.101,1.099,1.136458457774049,718,XAUUSD
1787336056,1.0998397159542628,1.101,1.099,1.087815088965461,396,GBPUSD
1787336056,1.091653675538375,1.101,1.099,1.0771811904542896,828,USDJPY
1787336056,1.0758299130294502,1.101,1.099,1.089790348823159,695,EURUSD
1787336956,1.0928559166303944,1.101,1.099,1.0782301577360445,984,USDJPY
1787336956,1.0750994352177177,1.101,1.099,1.089536324805983,907,EURUSD
1787336956,1.0691023058715057,1.101,1.099,1.1364268699929574,909,XAUUSD
1787336956,1.0992300749441486,1.101,1.099,1.0875155282381173,645,GBPUSD
1787337856,1.0684667060934558,1.101,1.099,1.134195741718149,956,XAUUSD
1787337856,1.0936649844060158,1.101,1.099,1.077621761362623,455,USDJPY
1787337856,1.0990998207121052,1.101,1.099,1.0880237005998858,737,GBPUSD
1787337856,1.075602760800905,1.101,1.099,1.0892497011175053,715,EURUSD
1787338756,1.0751322976489874,1.101,1.099,1.088981822080997,124,EURUSD
1787338756,1.0985941947932214,1.101,1.099,1.0877827449939232,112,GBPUSD
1787338756,1.0925069856696443,1.101,1.099,1.0782067555065478,365,USDJPY
1787338756,1.0671799274252565,1.101,1.099,1.1359045804829473,938,XAUUSD
1787339656,1.0680156703322876,1.101,1.099,1.1368641922691831,414,XAUUSD
1787339656,1.092791761775059,1.101,1.099,1.0784608475825865,498,USDJPY
1787339656,1.0994401666809925,1.101,1.099,1.0877904721849116,826,GBPUSD
1787339656,1.0744491921579506,1.101,1.099,1.0892303314397507,480,EURUSD
1787340556,1.073465782192622,1.101,1.099,1.0874487044315542,139,EURUSD
1787340556,1.1003742274795505,1.101,1.099,1.087182503067126,774,GBPUSD
1787340556,1.093868170121041,1.101,1.099,1.0787418007856069,662,USDJPY
1787340556,1.0677916575423778,1.101,1.099,1.1362156022797225,792,XAUUSD
1787341456,1.0674464211889971,1.101,1.099,1.1363360483841949,187,XAUUSD
1787341456,1.0938331844046116,1.101,1.099,1.0778957809590843,730,USDJPY
1787341456,1.1001631449664178,1.101,1.099,1.08677291600997,591,GBPUSD
1787341456,1.0735303908338207,1.101,1.099,1.0865716941300607,549,EURUSD
1787342356,1.0941617477338268,1.101,1.099,1.077359224567265,107,USDJPY
1787342356,1.0737710296962957,1.101,1.099,1.082955725990848,639,EURUSD
1787342356,1.068454711355375,1.101,1.099,1.1362368114613606,972,XAUUSD
1787342356,1.0995465302977199,1.101,1.099,1.0874743868152537,986,GBPUSD
1787343256,1.0738744679271164,1.101,1.099,1.082785056474962,681,EURUSD
1787343256,1.0982673281447182,1.101,1.099,1.0886879087304917,674,GBPUSD
1787343256,1.0952940383441687,1.101,1.099,1.0786676861110742,193,USDJPY
1787343256,1.067619568925412,1.101,1.099,1.134370586376178,674,XAUUSD
1787344156,1.0686998405950714,1.101,1.099,1.1336823202507516,274,XAUUSD
1787344156,1.0729780604952237,1.101,1.099,1.0850218454133715,421,EURUSD
1787344156,1.0980462576370493,1.101,1.099,1.089265898865329,112,GBPUSD
1787344156,1.0942630631694765,1.101,1.099,1.0784543593048959,333,USDJPY
1787345056,1.0997710955091657,1.101,1.099,1.088545551248337,878,GBPUSD
1787345056,1.0938268253804684,1.101,1.099,1.0784392697214216,601,USDJPY
1787345056,1.069597398936337,1.101,1.099,1.1333311503855525,743,XAUUSD
1787345056,1.0739682824701893,1.101,1.099,1.0849271008762014,326,EURUSD
1787345956,1.0933399476433596,1.101,1.099,1.0781267786575046,508,USDJPY
1787345956,1.0746078994934658,1.101,1.099,1.0843399233825393,874,EURUSD
1787345956,1.1005624138759127,1.101,1.099,1.0879968295479783,182,GBPUSD
1787345956,1.0722831085469313,1.101,1.099,1.1328292819478434,432,XAUUSD
1787346856,1.0721359040869485,1.101,1.099,1.1327073260143572,263,XAUUSD
1787346856,1.0753640142332859,1.101,1.099,1.08357780315755,585,EURUSD
1787346856,1.0920389410025793,1.101,1.099,1.0798569170602448,498,USDJPY
1787346856,1.0995707627668867,1.101,1.099,1.0886317173110296,190,GBPUSD
1787347756,1.0755529080402382,1.101,1.099,1.0836735237834585,757,EURUSD
1787347756,1.0723327011607076,1.101,1.099,1.1332238173375462,288,XAUUSD
1787347756,1.0988111517581174,1.101,1.099,1.088388968346435,441,GBPUSD
1787347756,1.0925974024363043,1.101,1.099,1.0800917330828785,924,USDJPY
1787348656,1.0727937685408966,1.101,1.099,1.13187052357763,309,XAUUSD
1787348656,1.0924487918429098,1.101,1.099,1.0806283706411195,286,USDJPY
1787348656,1.0742487012313413,1.101,1.099,1.084036694194546,882,EURUSD
1787348656,1.099215975508462,1.101,1.099,1.0879712610149659,189,GBPUSD
1787349556,1.0745248653499515,1.101,1.099,1.083671493538803,875,EURUSD
1787349556,1.0720821071654911,1.101,1.099,1.1316061604663863,907,XAUUSD
1787349556,1.100059052637841,1.101,1.099,1.0859757805087051,661,GBPUSD
1787349556,1.094100286368325,1.101,1.099,1.0793010138787342,201,USDJPY
1787350456,1.0996612428162726,1.101,1.099,1.0852170120791007,220,GBPUSD
1787350456,1.0701095705093218,1.101,1.099,1.130394772611916,799,XAUUSD
1787350456,1.094622664745214,1.101,1.099,1.0785985708902006,363,USDJPY
1787350456,1.0735333789881938,1.101,1.099,1.0838902322463662,174,EURUSD
1787351356,1.074265364908942,1.101,1.099,1.084204965857238,703,EURUSD
1787351356,1.093762917275722,1.101,1.099,1.0777562347555731,139,USDJPY
1787351356,1.0689243182166852,1.101,1.099,1.1326936199904774,682,XAUUSD
1787351356,1.0987785409359356,1.101,1.099,1.0851211428416343,550,GBPUSD
1787352256,1.0982823413527494,1.101,1.099,1.0857439811044114,912,GBPUSD
1787352256,1.0690371012514288,1.101,1.099,1.1340808235192046,596,XAUUSD
1787352256,1.0935244452029755,1.101,1.099,1.0774116637657456,838,USDJPY
1787352256,1.0758179152618752,1.101,1.099,1.083641544912556,818,EURUSD
1787353156,1.0968445683215797,1.101,1.099,1.0782487637361138,364,USDJPY
1787353156,1.0752164112677536,1.101,1.099,1.0847662092467665,856,EURUSD
1787353156,1.0984226525109033,1.101,1.099,1.0848605993409643,232,GBPUSD
1787353156,1.0683926413925915,1.101,1.099,1.134288819995317,512,XAUUSD
1787354056,1.076938292455139,1.101,1.099,1.0832658542729339,591,EURUSD
1787354056,1.099938229636807,1.101,1.099,1.0850147558465308,653,GBPUSD
1787354056,1.0683127922951263,1.101,1.099,1.133986054632811,351,XAUUSD
1787354056,1.0964171118997483,1.101,1.099,1.0793365592078337,465,USDJPY
1787354956,1.06717273460662,1.101,1.099,1.1314028762509232,260,XAUUSD
1787354956,1.0990098331397529,1.101,1.099,1.0836169106205038,627,GBPUSD
1787354956,1.0986375426502004,1.101,1.099,1.0788595231192988,133,USDJPY
1787354956,1.0754285880985162,1.101,1.099,1.0842132561053877,907,EURUSD
1787355856,1.0994706478051832,1.101,1.099,1.0769583493620642,436,USDJPY
1787355856,1.0659611558169295,1.101,1.099,1.1314433663500683,621,XAUUSD
1787355856,1.0763992984507609,1.101,1.099,1.0838866757553507,704,EURUSD
1787355856,1.098066815303501,1.101,1.099,1.0827107166259307,633,GBPUSD
1787356756,1.0977337939567795,1.101,1.099,1.0847862649144941,575,GBPUSD
1787356756,1.076043014528924,1.101,1.099,1.0829573366844574,955,EURUSD
1787356756,1.065490622423022,1.101,1.099,1.1311278808869185,495,XAUUSD
1787356756,1.1001751284218881,1.101,1.099,1.0783261910461868,359,USDJPY
1787357656,1.0999207916112346,1.101,1.099,1.0784115906554885,962,USDJPY
1787357656,1.0665915153286438,1.101,1.099,1.1309076411274372,397,XAUUSD
1787357656,1.074159770717724,1.101,1.099,1.082863901440564,169,EURUSD
1787357656,1.097645568345772,1.101,1.099,1.0844017820790552,838,GBPUSD
1787358556,1.0971366395781827,1.101,1.099,1.0821568646615023,834,GBPUSD
1787358556,1.0728363099272882,1.101,1.099,1.0827028392216491,197,EURUSD
1787358556,1.0661786935388744,1.101,1.099,1.1294669925105143,185,XAUUSD
1787358556,1.098689999348924,1.101,1.099,1.0780588832265667,251,USDJPY
1787359456,1.0975956955382922,1.101,1.099,1.0773130901796324,130,USDJPY
1787359456,1.0649146323122693,1.101,1.099,1.1302413277073313,186,XAUUSD
1787359456,1.0975137255675151,1.101,1.099,1.0821740631621808,370,GBPUSD
1787359456,1.0733186933401773,1.101,1.099,1.0830237105849303,466,EURUSD
1787360356,1.0977655246606413,1.101,1.099,1.0806950951236414,352,GBPUSD
1787360356,1.072365700021811,1.101,1.099,1.0833830557156876,158,EURUSD
1787360356,1.0650350469682612,1.101,1.099,1.1302595902160597,864,XAUUSD
1787360356,1.096809839414599,1.101,1.099,1.0759662679812434,484,USDJPY
1787361256,1.0722395333708479,1.101,1.099,1.085139404709664,610,EURUSD
1787361256,1.0648882989355972,1.101,1.099,1.129307922027128,481,XAUUSD
1787361256,1.097814261686961,1.101,1.099,1.0807586167621461,195,GBPUSD
1787361256,1.097662503016666,1.101,1.099,1.0758134288979615,644,USDJPY
1787362156,1.0976104018667368,1.101,1.099,1.0799236405354147,307,GBPUSD
1787362156,1.0713443015790116,1.101,1.099,1.0865010225112766,873,EURUSD
1787362156,1.0966202392908546,1.101,1.099,1.075733414968962,625,USDJPY
1787362156,1.0636717812203824,1.101,1.099,1.1309265770652668,652,XAUUSD
1787363056,1.0714625152176362,1.101,1.099,1.087157082953652,681,EURUSD
1787363056,1.0959248378980297,1.101,1.099,1.0797245922800318,645,GBPUSD
1787363056,1.0630223723760164,1.101,1.099,1.1299617606640842,945,XAUUSD
1787363056,1.0969162353507786,1.101,1.099,1.0750075025790558,728,USDJPY
1787363956,1.0958127058382852,1.101,1.099,1.0747704178384134,499,USDJPY
1787363956,1.0614010789159898,1.101,1.099,1.1311035472125621,610,XAUUSD
1787363956,1.0694514731199316,1.101,1.099,1.087978485805369,485,EURUSD
1787363956,1.0967341764016343,1.101,1.099,1.0783319236591793,229,GBPUSD
1787364856,1.098662183963696,1.101,1.099,1.0790127007326085,208,GBPUSD
1787364856,1.062668217101094,1.101,1.099,1.1306521030762129,882,XAUUSD
1787364856,1.0965105250579505,1.101,1.099,1.0738140326076169,215,USDJPY
1787364856,1.0711938494182327,1.101,1.099,1.088033958279188,618,EURUSD
1787365756,1.097017153725166,1.101,1.099,1.0741063549349856,794,USDJPY
1787365756,1.097994350210983,1.101,1.099,1.079728222189698,631,GBPUSD
1787365756,1.070546447508495,1.101,1.099,1.0874415529046002,159,EURUSD
1787365756,1.0632420492412122,1.101,1.099,1.1298726074060863,854,XAUUSD
1787366656,1.0640079144514794,1.101,1.099,1.1298846642319673,191,XAUUSD
1787366656,1.0965094209708606,1.101,1.099,1.0727117289092665,366,USDJPY
1787366656,1.0993194640504587,1.101,1.099,1.080086527396052,246,GBPUSD
1787366656,1.0691523215270842,1.101,1.099,1.0876522716820787,118,EURUSD
1787367556,1.0987557530760346,1.101,1.099,1.0741751148671106,281,USDJPY
1787367556,1.063525914254899,1.101,1.099,1.1294762180022715,368,XAUUSD
1787367556,1.0688761649190077,1.101,1.099,1.0851750108857137,486,EURUSD
1787367556,1.098201005844951,1.101,1.099,1.0813612545767648,140,GBPUSD
1787368456,1.0988867340012791,1.101,1.099,1.083168076462979,303,GBPUSD
1787368456,1.0627295293300332,1.101,1.099,1.130528195178254,664,XAUUSD
1787368456,1.0983037207585087,1.101,1.099,1.0729627284993277,963,USDJPY
1787368456,1.0699948916618243,1.101,1.099,1.0853421583624365,738,EURUSD
1787369356,1.063609447939635,1.101,1.099,1.1312069811146441,254,XAUUSD
1787369356,1.0991985059096832,1.101,1.099,1.0734219974715522,411,USDJPY
1787369356,1.100213844374013,1.101,1.099,1.082775208840709,379,GBPUSD
1787369356,1.069940380524526,1.101,1.099,1.084710060555944,279,EURUSD
1787370256,1.0999956213753375,1.101,1.099,1.0834461116874163,608,GBPUSD
1787370256,1.0681159696882838,1.101,1.099,1.084640018666444,177,EURUSD
1787370256,1.0630072749066273,1.101,1.099,1.131129646714385,934,XAUUSD
1787370256,1.099652415188957,1.101,1.099,1.070650836045201,100,USDJPY
1787371156,1.0635101909984317,1.101,1.099,1.1323155468546535,515,XAUUSD
1787371156,1.0991648669305536,1.101,1.099,1.0693812140850754,496,USDJPY
1787371156,1.1001453897978186,1.101,1.099,1.0835334345945067,953,GBPUSD
1787371156,1.0681987160013746,1.101,1.099,1.0851941608723377,396,EURUSD
1787372056,1.0998597690697824,1.101,1.099,1.0688202812982697,313,USDJPY
1787372056,1.0635519725521652,1.101,1.099,1.1329675663380556,934,XAUUSD
1787372056,1.0667667978102686,1.101,1.099,1.0853454785078718,505,EURUSD
1787372056,1.0985867605501807,1.101,1.099,1.0830791012365466,649,GBPUSD
1787372956,1.065142683271496,1.101,1.099,1.0842279732260145,708,EURUSD
1787372956,1.099904588973155,1.101,1.099,1.0680800708198113,659,USDJPY
1787372956,1.06396385734042,1.101,1.099,1.1321989995252348,356,XAUUSD
1787372956,1.0974500023917817,1.101,1.099,1.0844524656587486,596,GBPUSD
1787373856,1.0986642205293942,1.101,1.099,1.0684239038807037,953,USDJPY
1787373856,1.0632099167102773,1.101,1.099,1.132313977770568,524,XAUUSD
1787373856,1.0969874446801027,1.101,1.099,1.0831538403658483,150,GBPUSD
1787373856,1.0654199535381352,1.101,1.099,1.085404947428367,541,EURUSD
1787374756,1.0959868493494742,1.101,1.099,1.0836738380395894,832,GBPUSD
1787374756,1.0643955065327289,1.101,1.099,1.1327473004070545,251,XAUUSD
1787374756,1.0679307914072143,1.101,1.099,1.0866566396181379,256,EURUSD
1787374756,1.099314484052454,1.101,1.099,1.0695710023130554,520,USDJPY
1787375656,1.07065302500482,1.101,1.099,1.0875309371459319,255,EURUSD
1787375656,1.0636258081515102,1.101,1.099,1.1331726981436865,665,XAUUSD
1787375656,1.0978777272389673,1.101,1.099,1.0848744219130884,960,GBPUSD
1787375656,1.0990931570694622,1.101,1.099,1.0676564733532783,193,USDJPY
1787376556,1.0978147762148915,1.101,1.099,1.0673155301990562,564,USDJPY
1787376556,1.0988613176596254,1.101,1.099,1.0845395849119546,190,GBPUSD
1787376556,1.0635192712301906,1.101,1.099,1.1337142242578369,404,XAUUSD
1787376556,1.070298113007222,1.101,1.099,1.0865747167422395,925,EURUSD
1787377456,1.0988691088150724,1.101,1.099,1.0820488454231054,509,GBPUSD
1787377456,1.0978490228207325,1.101,1.099,1.065825611217112,737,USDJPY
1787377456,1.0704629552744018,1.101,1.099,1.0864318063380283,995,EURUSD
1787377456,1.0630536786876783,1.101,1.099,1.1346592313786068,163,XAUUSD
1787378356,1.0981704467684268,1.101,1.099,1.0659434727300694,930,USDJPY
1787378356,1.0702277704369298,1.101,1.099,1.085965454122866,348,EURUSD
1787378356,1.099530075719883,1.101,1.099,1.0808334541365974,436,GBPUSD
1787378356,1.0626766001025523,1.101,1.099,1.1341290531265158,862,XAUUSD
1787379256,1.063397457714825,1.101,1.099,1.1343955862270803,846,XAUUSD
1787379256,1.0720064786109789,1.101,1.099,1.0867694696759675,411,EURUSD
1787379256,1.0989852658178885,1.101,1.099,1.0668461663384716,391,USDJPY
1787379256,1.0979804541199774,1.101,1.099,1.0813905484801296,360,GBPUSD
1787380156,1.0978443717253765,1.101,1.099,1.069265965033963,465,USDJPY
1787380156,1.0632646078344399,1.101,1.099,1.1344737848642807,884,XAUUSD
1787380156,1.0975459164395158,1.101,1.099,1.0805695241011783,801,GBPUSD
1787380156,1.070798114635855,1.101,1.099,1.0879021183793562,883,EURUSD
1787381056,1.0718574749317273,1.101,1.099,1.0881526070972096,576,EURUSD
1787381056,1.0980324759922573,1.101,1.099,1.0805604405497595,588,GBPUSD
1787381056,1.0616801241840055,1.101,1.099,1.1344024457268937,282,XAUUSD
1787381056,1.0992268494856332,1.101,1.099,1.0688839004826702,780,USDJPY
1787381956,1.0981350344860326,1.101,1.099,1.0800381563277457,326,GBPUSD
1787381956,1.0706628553824857,1.101,1.099,1.088730717553804,447,EURUSD
1787381956,1.0984867763273751,1.101,1.099,1.0696006473253954,516,USDJPY
1787381956,1.062144405397532,1.101,1.099,1.1343657021623672,203,XAUUSD
1787382856,1.0978032913239364,1.101,1.099,1.0695127398802844,752,USDJPY
1787382856,1.0639749123438704,1.101,1.099,1.1336731652301413,406,XAUUSD
1787382856,1.0994040407134666,1.101,1.099,1.0814226918662655,603,GBPUSD
1787382856,1.0715282022935435,1.101,1.099,1.0896564275361167,698,EURUSD
1787383756,1.1005880844221076,1.101,1.099,1.081672129183708,278,GBPUSD
1787383756,1.098666331338792,1.101,1.099,1.0689179232031907,335,USDJPY
1787383756,1.0718315306207804,1.101,1.099,1.0910760737629768,260,EURUSD
1787383756,1.0634826087740323,1.101,1.099,1.1340474369828937,217,XAUUSD
1787384656,1.0995539489869057,1.101,1.099,1.0693835176644295,836,USDJPY
1787384656,1.1003961996942664,1.101,1.099,1.0806538042413352,788,GBPUSD
1787384656,1.063074873115565,1.101,1.099,1.1317989271020428,142,XAUUSD
1787384656,1.0713420428801812,1.101,1.099,1.089714647683855,277,EURUSD
1787385556,1.0640397611413137,1.101,1.099,1.1313630920935747,794,XAUUSD
1787385556,1.0707913872064407,1.101,1.099,1.0912447284123952,544,EURUSD
1787385556,1.0985496562057766,1.101,1.099,1.0683499956368454,738,USDJPY
1787385556,1.1014797116699613,1.101,1.099,1.0805468232996436,725,GBPUSD
1787386456,1.0975654832804762,1.101,1.099,1.0678402174780794,963,USDJPY
1787386456,1.064846884381956,1.101,1.099,1.130904126844182,432,XAUUSD
1787386456,1.1008076672713027,1.101,1.099,1.0807689455891614,987,GBPUSD
1787386456,1.0711173426760512,1.101,1.099,1.0906829756240748,604,EURUSD
1787387356,1.067170463005852,1.101,1.099,1.1311773418886983,385,XAUUSD
1787387356,1.1004651401840844,1.101,1.099,1.0680945437379212,515,USDJPY
1787387356,1.0704796893131017,1.101,1.099,1.0899803269536956,650,EURUSD
1787387356,1.099816953518102,1.101,1.099,1.0827831079558334,627,GBPUSD
1787388256,1.0700658881384573,1.101,1.099,1.0886685879473537,479,EURUSD
1787388256,1.0999252671045583,1.101,1.099,1.082377593702134,423,GBPUSD
1787388256,1.0679871621747088,1.101,1.099,1.1291824441325788,854,XAUUSD
1787388256,1.1016046084611641,1.101,1.099,1.0679600968539826,701,USDJPY
1787389156,1.1012918916424899,1.101,1.099,1.0661814371788945,943,USDJPY
1787389156,1.0700731478138654,1.101,1.099,1.0888208542169084,173,EURUSD
1787389156,1.0672088228519234,1.101,1.099,1.1305819040801837,106,XAUUSD
1787389156,1.0979713475363078,1.101,1.099,1.0851336757607117,552,GBPUSD
1787390056,1.0677776172540339,1.101,1.099,1.1298549757143455,975,XAUUSD
1787390056,1.101389082767971,1.101,1.099,1.0662139002816426,519,USDJPY
1787390056,1.098153716230959,1.101,1.099,1.0835129532712364,810,GBPUSD
1787390056,1.0710933397575546,1.101,1.099,1.0890746493300774,873,EURUSD
1787390956,1.069775421078463,1.101,1.099,1.0902439937784583,884,EURUSD
1787390956,1.0961935427840663,1.101,1.099,1.0831182999408944,423,GBPUSD
1787390956,1.1019725409416439,1.101,1.099,1.0667217552861719,328,USDJPY
1787390956,1.0664066784868949,1.101,1.099,1.1297493157616538,494,XAUUSD
1787391856,1.0975209504488979,1.101,1.099,1.0832233452128794,181,GBPUSD
1787391856,1.0705889613839945,1.101,1.099,1.0908600209035064,646,EURUSD
1787391856,1.0659805385481378,1.101,1.099,1.1305447009987453,568,XAUUSD
1787391856,1.104558278380859,1.101,1.099,1.0652106781882147,171,USDJPY
1787392756,1.103107273497968,1.101,1.099,1.065071500801856,653,USDJPY
1787392756,1.0663880130992287,1.101,1.099,1.129601347328018,728,XAUUSD
1787392756,1.0699704269628458,1.101,1.099,1.0909500940898031,678,EURUSD
1787392756,1.0972863558855404,1.101,1.099,1.0827264775987144,527,GBPUSD
1787393656,1.0706926868790692,1.101,1.099,1.0914059878526643,896,EURUSD
1787393656,1.10145347555746,1.101,1.099,1.0646241107901415,641,USDJPY
1787393656,1.067801727241974,1.101,1.099,1.1313994458676906,363,XAUUSD
1787393656,1.0964502649774557,1.101,1.099,1.0817659028431776,109,GBPUSD
1787394556,1.0954526777438363,1.101,1.099,1.0816828116883712,579,GBPUSD
1787394556,1.1026398108059816,1.101,1.099,1.0663003668219375,116,USDJPY
1787394556,1.0706688132003614,1.101,1.099,1.0915858323038259,168,EURUSD
1787394556,1.0675333641822895,1.101,1.099,1.1300701976850072,895,XAUUSD
1787395456,1.0690024353927001,1.101,1.099,1.091802792306739,299,EURUSD
1787395456,1.094576550936108,1.101,1.099,1.080745149079394,302,GBPUSD
1787395456,1.0687591424035094,1.101,1.099,1.129935410796509,658,XAUUSD
1787395456,1.1021680754542302,1.101,1.099,1.06660088637986,755,USDJPY
1787396356,1.0936566143369604,1.101,1.099,1.08048346750331,184,GBPUSD
1787396356,1.0693304302468525,1.101,1.099,1.0913397699301832,840,EURUSD
1787396356,1.1014324051228583,1.101,1.099,1.0667013903173819,132,USDJPY
1787396356,1.066892332687251,1.101,1.099,1.1293849339977493,256,XAUUSD
1787397256,1.1011757226755525,1.101,1.099,1.0653584573632682,359,USDJPY
1787397256,1.067548782538856,1.101,1.099,1.1293758167965309,343,XAUUSD
1787397256,1.09398543890953,1.101,1.099,1.0807289995589207,224,GBPUSD
1787397256,1.0678605102849237,1.101,1.099,1.0926902701451229,448,EURUSD
1787398156,1.1017321042442831,1.101,1.099,1.0650601363865766,408,USDJPY
1787398156,1.0673018673817714,1.101,1.099,1.0928358409380927,836,EURUSD
1787398156,1.0947912128354402,1.101,1.099,1.0820724748287658,859,GBPUSD
1787398156,1.0675096409507272,1.101,1.099,1.129337184694527,571,XAUUSD
1787399056,1.0670425665339809,1.101,1.099,1.1288660540858737,965,XAUUSD
1787399056,1.095893734662661,1.101,1.099,1.082365920499551,369,GBPUSD
1787399056,1.1030236661119597,1.101,1.099,1.0648145402400266,685,USDJPY
1787399056,1.0665369458844067,1.101,1.099,1.0922630453540227,770,EURUSD
1787399956,1.0669521534568005,1.101,1.099,1.093385077740669,945,EURUSD
1787399956,1.0643468830790705,1.101,1.099,1.128249127328268,583,XAUUSD
1787399956,1.1038300933967888,1.101,1.099,1.064493576287702,840,USDJPY
1787399956,1.095349646427956,1.101,1.099,1.08262310663075,228,GBPUSD
1787400856,1.0948168844660102,1.101,1.099,1.0817498655050604,390,GBPUSD
1787400856,1.0662826937214034,1.101,1.099,1.0922391119452177,347,EURUSD
1787400856,1.0658116906168895,1.101,1.099,1.1272636649085757,870,XAUUSD
1787400856,1.1049018671678914,1.101,1.099,1.0634428547260377,109,USDJPY
1787401756,1.0956334153497496,1.101,1.099,1.08106182926084,539,GBPUSD
1787401756,1.1036851363237656,1.101,1.099,1.0635900082500445,560,USDJPY
1787401756,1.0655248533698007,1.101,1.099,1.094017507120039,343,EURUSD
1787401756,1.066184077387413,1.101,1.099,1.1272363045516312,434,XAUUSD
1787402656,1.0953798184155454,1.101,1.099,1.0804924069194084,535,GBPUSD
1787402656,1.068102959415175,1.101,1.099,1.1287401614730452,626,XAUUSD
1787402656,1.1037527034930814,1.101,1.099,1.0638444113690992,576,USDJPY
1787402656,1.065818809761217,1.101,1.099,1.0946512676567122,570,EURUSD
1787403556,1.0669474472851201,1.101,1.099,1.0955068327420858,601,EURUSD
1787403556,1.1044502976550357,1.101,1.099,1.0636671218984193,650,USDJPY
1787403556,1.0674596621217036,1.101,1.099,1.1293744400383208,139,XAUUSD
1787403556,1.0950033099034278,1.101,1.099,1.0809187497150246,708,GBPUSD
1787404456,1.067187430934093,1.101,1.099,1.1292044264239858,621,XAUUSD
1787404456,1.0948253652555606,1.101,1.099,1.0823590173545323,458,GBPUSD
1787404456,1.1036854619962153,1.101,1.099,1.0644304352836689,214,USDJPY
1787404456,1.0658244557491487,1.101,1.099,1.0967840349562448,378,EURUSD
1787405356,1.0647822906770894,1.101,1.099,1.0955421452833358,296,EURUSD
1787405356,1.102783726696116,1.101,1.099,1.0642656268175779,204,USDJPY
1787405356,1.0939453054642105,1.101,1.099,1.0819940224605344,903,GBPUSD
1787405356,1.0677056165125023,1.101,1.099,1.1300514789625513,521,XAUUSD
1787406256,1.0678209518361688,1.101,1.099,1.1289349033372171,484,XAUUSD
1787406256,1.0938403263873697,1.101,1.099,1.0821753098904499,626,GBPUSD
1787406256,1.1034870061660105,1.101,1.099,1.0633421900920905,295,USDJPY
1787406256,1.0655833370572716,1.101,1.099,1.0959820952953672,465,EURUSD
1787407156,1.1026041990537991,1.101,1.099,1.062913581801883,513,USDJPY
1787407156,1.0647489719247896,1.101,1.099,1.09480781106616,554,EURUSD
1787407156,1.0930636771414877,1.101,1.099,1.079558391355407,852,GBPUSD
1787407156,1.0672426791170095,1.101,1.099,1.127369752870635,395,XAUUSD
1787408056,1.102208608694598,1.101,1.099,1.0637800676085762,294,USDJPY
1787408056,1.0661151377915936,1.101,1.099,1.095014165313604,637,EURUSD
1787408056,1.0674575514849822,1.101,1.099,1.126509183457464,844,XAUUSD
1787408056,1.0937910668536046,1.101,1.099,1.0781796410310611,928,GBPUSD
1787408956,1.0653353766189622,1.101,1.099,1.0951160046433115,862,EURUSD
1787408956,1.0671685752338584,1.101,1.099,1.124303604876875,450,XAUUSD
1787408956,1.1033955356331633,1.101,1.099,1.065368433149647,352,USDJPY
1787408956,1.0948161728994918,1.101,1.099,1.0798129744215637,765,GBPUSD
1787409856,1.066817118587326,1.101,1.099,1.0947286347852572,149,EURUSD
1787409856,1.0941021922824938,1.101,1.099,1.0801153118661224,676,GBPUSD
1787409856,1.1047023988805684,1.101,1.099,1.065444976306118,246,USDJPY
1787409856,1.0668477290886256,1.101,1.099,1.1241386886503024,638,XAUUSD
1787410756,1.0951753517149223,1.101,1.099,1.0798754052911719,381,GBPUSD
1787410756,1.0672562864661335,1.101,1.099,1.0953176173805803,447,EURUSD
1787410756,1.0689641294834558,1.101,1.099,1.124497209720581,677,XAUUSD
1787410756,1.1046792922488815,1.101,1.099,1.0655674151354233,923,USDJPY
1787411656,1.069615907286953,1.101,1.099,1.1237159749593397,570,XAUUSD
1787411656,1.0950681459708165,1.101,1.099,1.081505245004556,232,GBPUSD
1787411656,1.104855936664674,1.101,1.099,1.0646956447170264,820,USDJPY
1787411656,1.0677642505078704,1.101,1.099,1.095067090508187,966,EURUSD
1787412556,1.0685443804344887,1.101,1.099,1.094747444414154,664,EURUSD
1787412556,1.1050566834952922,1.101,1.099,1.0655576770991966,255,USDJPY
1787412556,1.0703188423289955,1.101,1.099,1.1219422229173295,928,XAUUSD
1787412556,1.0932921846327261,1.101,1.099,1.0817496578077603,769,GBPUSD
1787413456,1.1050387839992581,1.101,1.099,1.0672532116619733,462,USDJPY
1787413456,1.0678804493087353,1.101,1.099,1.0928165169165338,314,EURUSD
1787413456,1.0700134943635455,1.101,1.099,1.1215996699341464,385,XAUUSD
1787413456,1.0918663861469682,1.101,1.099,1.0819588895369001,539,GBPUSD
1787414356,1.0695090185742897,1.101,1.099,1.0912394235911362,699,EURUSD
1787414356,1.0707712325018457,1.101,1.099,1.1197130892081544,893,XAUUSD
1787414356,1.0924885522958412,1.101,1.099,1.0816256180027657,486,GBPUSD
1787414356,1.1043750510013237,1.101,1.099,1.0675819592394782,560,USDJPY
1787415256,1.0709020932602413,1.101,1.099,1.1210288598110572,725,XAUUSD
1787415256,1.0924475153773479,1.101,1.099,1.082093700690517,820,GBPUSD
1787415256,1.1049737508009188,1.101,1.099,1.0668676893827371,447,USDJPY
1787415256,1.07044531584569,1.101,1.099,1.0899009155164165,261,EURUSD
1787416156,1.093380880685536,1.101,1.099,1.0828541822856235,713,GBPUSD
1787416156,1.0714074985890478,1.101,1.099,1.1213934948675042,185,XAUUSD
1787416156,1.0711344762648423,1.101,1.099,1.0913681839041092,349,EURUSD
1787416156,1.1047248502460225,1.101,1.099,1.0663264992463175,774,USDJPY
1787417056,1.1041540178499332,1.101,1.099,1.0666767117707112,961,USDJPY
1787417056,1.0719136585220796,1.101,1.099,1.090973526384019,993,EURUSD
1787417056,1.0933769962640927,1.101,1.099,1.0834658725487267,767,GBPUSD
1787417056,1.0710071990526704,1.101,1.099,1.119508868469599,744,XAUUSD
1787417956,1.0724590441264772,1.101,1.099,1.1196113551728781,455,XAUUSD
1787417956,1.093061742531093,1.101,1.099,1.0833376794842304,806,GBPUSD
1787417956,1.0717064176862912,1.101,1.099,1.0932586958726564,557,EURUSD
1787417956,1.1043499555295593,1.101,1.099,1.063181949599739,633,USDJPY
1787418856,1.071368765884786,1.101,1.099,1.092283092672971,468,EURUSD
1787418856,1.104979227503704,1.101,1.099,1.0625415978760193,868,USDJPY
1787418856,1.0936120064434194,1.101,1.099,1.0827205709815158,576,GBPUSD
1787418856,1.0726797426901815,1.101,1.099,1.1198882627708198,322,XAUUSD
1787419756,1.0924955034582595,1.101,1.099,1.081889420040789,687,GBPUSD
1787419756,1.0711154949471315,1.101,1.099,1.0902104541939879,391,EURUSD
1787419756,1.072250022417881,1.101,1.099,1.1201829644522054,928,XAUUSD
1787419756,1.1046501202421768,1.101,1.099,1.0622019187655534,453,USDJPY
1787420656,1.0727884706117006,1.101,1.099,1.1196817059633641,967,XAUUSD
1787420656,1.1027527386260958,1.101,1.099,1.0623710377678584,183,USDJPY
1787420656,1.0920883536870123,1.101,1.099,1.0812473191974927,217,GBPUSD
1787420656,1.0704385347991374,1.101,1.099,1.088733158104309,933,EURUSD
1787421556,1.0718445865302804,1.101,1.099,1.1194362880069424,948,XAUUSD
1787421556,1.0930965424652306,1.101,1.099,1.0803196872833096,307,GBPUSD
1787421556,1.0706284628647529,1.101,1.099,1.088252116713354,761,EURUSD
1787421556,1.1035235284623675,1.101,1.099,1.062360248056504,293,USDJPY
1787422456,1.105298132370943,1.101,1.099,1.0614899724471816,733,USDJPY
1787422456,1.0723422534341818,1.101,1.099,1.1190521551205634,983,XAUUSD
1787422456,1.0920584594395732,1.101,1.099,1.079882756220902,574,GBPUSD
1787422456,1.0693026160845835,1.101,1.099,1.088062947878822,886,EURUSD
1787423356,1.106162376689322,1.101,1.099,1.0602142839926625,813,USDJPY
1787423356,1.0669749179846841,1.101,1.099,1.0876056353490673,738,EURUSD
1787423356,1.0923460655990491,1.101,1.099,1.0792613062373897,455,GBPUSD
1787423356,1.0720633579525851,1.101,1.099,1.1196202497943881,242,XAUUSD
1787424256,1.0661456617357863,1.101,1.099,1.0868016647458731,389,EURUSD
1787424256,1.0912085736223354,1.101,1.099,1.079964709736459,295,GBPUSD
1787424256,1.0702289374662868,1.101,1.099,1.1200965156477385,422,XAUUSD
1787424256,1.1059653045338789,1.101,1.099,1.0608055009347388,509,USDJPY
1787425156,1.0903668707850398,1.101,1.099,1.0810362111492533,381,GBPUSD
1787425156,1.06915294621322,1.101,1.099,1.1205772986389448,708,XAUUSD
1787425156,1.066592498323802,1.101,1.099,1.0881294389186114,878,EURUSD
1787425156,1.1090345385094649,1.101,1.099,1.0593163740348888,199,USDJPY
1787426056,1.0679717932615176,1.101,1.099,1.1212730312782746,845,XAUUSD
1787426056,1.0664449650424133,1.101,1.099,1.086349233340732,838,EURUSD
1787426056,1.1084941910187276,1.101,1.099,1.059571179226115,731,USDJPY
1787426056,1.0890943903072379,1.101,1.099,1.0794461997281168,670,GBPUSD
1787426956,1.0658852619635257,1.101,1.099,1.0860025240133409,425,EURUSD
1787426956,1.108022713907604,1.101,1.099,1.0599223017264188,665,USDJPY
1787426956,1.0695592896203938,1.101,1.099,1.1201809993371061,739,XAUUSD
1787426956,1.0899991509353795,1.101,1.099,1.08120161385313,816,GBPUSD
1787427856,1.0682453661641005,1.101,1.099,1.120656844189201,149,XAUUSD
1787427856,1.108884703969306,1.101,1.099,1.0594354139327242,625,USDJPY
1787427856,1.0641587914814588,1.101,1.099,1.0850541734775623,634,EURUSD
1787427856,1.0903784161638683,1.101,1.099,1.0798084024167178,483,GBPUSD
1787428756,1.109466220171514,1.101,1.099,1.0590278243181415,251,USDJPY
1787428756,1.0663478877779125,1.101,1.099,1.084021250887823,977,EURUSD
1787428756,1.0930553759126447,1.101,1.099,1.0811540153031822,755,GBPUSD
1787428756,1.067867099495605,1.101,1.099,1.1200263780228497,590,XAUUSD
1787429656,1.1099968696807576,1.101,1.099,1.0593661330001907,624,USDJPY
1787429656,1.0697144236659901,1.101,1.099,1.1210171056950868,167,XAUUSD
1787429656,1.0914647170712437,1.101,1.099,1.081291032509322,503,GBPUSD
1787429656,1.0674694764745922,1.101,1.099,1.084483257827497,332,EURUSD
1787430556,1.1108217656037618,1.101,1.099,1.0590009586992821,488,USDJPY
1787430556,1.0670149960980924,1.101,1.099,1.0846795412782713,939,EURUSD
1787430556,1.0901317961494807,1.101,1.099,1.0820334441024082,226,GBPUSD
1787430556,1.067676489177942,1.101,1.099,1.120573638496231,985,XAUUSD
1787431456,1.0689744273985717,1.101,1.099,1.1198096934366597,722,XAUUSD
1787431456,1.1106150593787882,1.101,1.099,1.0584093661809444,167,USDJPY
1787431456,1.0896059742741222,1.101,1.099,1.081494003687391,370,GBPUSD
1787431456,1.0664286638722027,1.101,1.099,1.0848804835797536,976,EURUSD
1787432356,1.0697916012253572,1.101,1.099,1.1197775176076141,364,XAUUSD
1787432356,1.089346804271079,1.101,1.099,1.081584682507567,376,GBPUSD
1787432356,1.067608305532426,1.101,1.099,1.084452570017485,494,EURUSD
1787432356,1.110372577966292,1.101,1.099,1.0578168585089323,120,USDJPY
1787433256,1.0684462179101866,1.101,1.099,1.0828905612906272,461,EURUSD
1787433256,1.1118881944786916,1.101,1.099,1.0587123278436126,218,USDJPY
1787433256,1.0688116504949856,1.101,1.099,1.1192814203809305,424,XAUUSD
1787433256,1.090344418781957,1.101,1.099,1.0830238991101042,738,GBPUSD
1787434156,1.1109930958136558,1.101,1.099,1.0606639089837906,771,USDJPY
1787434156,1.0690950664939494,1.101,1.099,1.0825176953172688,382,EURUSD
1787434156,1.090706199069594,1.101,1.099,1.0819158502476536,546,GBPUSD
1787434156,1.0695271271187414,1.101,1.099,1.1205539488874154,674,XAUUSD
1787435056,1.0701748141738654,1.101,1.099,1.0805824979259926,878,EURUSD
1787435056,1.0681445867820851,1.101,1.099,1.121169059007528,808,XAUUSD
1787435056,1.1113730576972332,1.101,1.099,1.0616935881734761,167,USDJPY
1787435056,1.091332184030456,1.101,1.099,1.083159351660958,909,GBPUSD
1787435956,1.0929331822275656,1.101,1.099,1.0839128785389818,581,GBPUSD
1787435956,1.0702144566467624,1.101,1.099,1.0786067825493115,483,EURUSD
1787435956,1.0694464835217659,1.101,1.099,1.1221189859996337,330,XAUUSD
1787435956,1.1104550399273194,1.101,1.099,1.0613318799304436,566,USDJPY
1787436856,1.0700653775092446,1.101,1.099,1.1214447206858902,892,XAUUSD
1787436856,1.1098998722104352,1.101,1.099,1.0607926203775315,710,USDJPY
1787436856,1.0920331739194054,1.101,1.099,1.08482113342187,816,GBPUSD
1787436856,1.069026746376884,1.101,1.099,1.0773018671145227,980,EURUSD
1787437756,1.1115542875670918,1.101,1.099,1.0604924262274231,244,USDJPY
1787437756,1.0681116429831183,1.101,1.099,1.122868806296582,117,XAUUSD
1787437756,1.0693213849364624,1.101,1.099,1.0772863315356018,356,EURUSD
1787437756,1.0925845397423635,1.101,1.099,1.0845067990391977,419,GBPUSD
1787438656,1.1115008658963363,1.101,1.099,1.0602817802066644,441,USDJPY
1787438656,1.0941739474497842,1.101,1.099,1.0844195329742212,713,GBPUSD
1787438656,1.0686455710922451,1.101,1.099,1.0775444943935693,550,EURUSD
1787438656,1.0663979656768678,1.101,1.099,1.1232751949828579,293,XAUUSD
1787439556,1.0658003087494807,1.101,1.099,1.1231300857401958,486,XAUUSD
1787439556,1.1116528206902632,1.101,1.099,1.0590325067659478,123,USDJPY
1787439556,1.0940145694681755,1.101,1.099,1.0856229315549335,236,GBPUSD
1787439556,1.0699060341351303,1.101,1.099,1.0780944808446749,374,EURUSD
1787440456,1.070173395393482,1.101,1.099,1.0757663789759653,608,EURUSD
1787440456,1.065801087919013,1.101,1.099,1.120687307728835,707,XAUUSD
1787440456,1.1100548624735707,1.101,1.099,1.0593163774496288,138,USDJPY
1787440456,1.0942996108616132,1.101,1.099,1.0854225139482692,753,GBPUSD
1787441356,1.069315601304198,1.101,1.099,1.0758087345580432,426,EURUSD
1787441356,1.097246231868594,1.101,1.099,1.0855759253881516,613,GBPUSD
1787441356,1.1108510237481735,1.101,1.099,1.0594658277714644,525,USDJPY
1787441356,1.0663573652625191,1.101,1.099,1.122469844891333,838,XAUUSD
1787442256,1.109673322413296,1.101,1.099,1.0585076418943797,711,USDJPY
1787442256,1.0673023328566265,1.101,1.099,1.1225533990647265,888,XAUUSD
1787442256,1.0689364950102371,1.101,1.099,1.076031591160515,882,EURUSD
1787442256,1.0976720999191962,1.101,1.099,1.0866850346421666,632,GBPUSD
1787443156,1.098320093146692,1.101,1.099,1.0867421349855682,181,GBPUSD
1787443156,1.0692551668025643,1.101,1.099,1.077548362134016,524,EURUSD
1787443156,1.1104778780199402,1.101,1.099,1.0592555526782481,876,USDJPY
1787443156,1.065692561873343,1.101,1.099,1.122986752782561,107,XAUUSD
1787444056,1.098215316943368,1.101,1.099,1.0881739147067402,685,GBPUSD
1787444056,1.0701165744122592,1.101,1.099,1.0763780887835555,346,EURUSD
1787444056,1.0677711580281741,1.101,1.099,1.1224044593621556,808,XAUUSD
1787444056,1.1112843443894624,1.101,1.099,1.061618278739774,728,USDJPY
1787444956,1.111914667708956,1.101,1.099,1.0622970420682514,229,USDJPY
1787444956,1.068334709590391,1.101,1.099,1.122254914448784,848,XAUUSD
1787444956,1.070389004618077,1.101,1.099,1.0753724013807637,589,EURUSD
1787444956,1.09796522273445,1.101,1.099,1.088364246877827,282,GBPUSD
1787445856,1.0704565843500005,1.101,1.099,1.0760773673793318,781,EURUSD
1787445856,1.0987784010500492,1.101,1.099,1.0887540734175778,726,GBPUSD
1787445856,1.1105116777212645,1.101,1.099,1.0618048343104762,162,USDJPY
1787445856,1.0689735945068695,1.101,1.099,1.1221580399438063,333,XAUUSD
1787446756,1.099283465605675,1.101,1.099,1.0886719666755431,242,GBPUSD
1787446756,1.0711016414071874,1.101,1.099,1.0758496921748681,420,EURUSD
1787446756,1.0692479229733844,1.101,1.099,1.121480124177028,852,XAUUSD
1787446756,1.1104999029979044,1.101,1.099,1.062217563407002,538,USDJPY
1787447656,1.1101643999615234,1.101,1.099,1.0623549810475845,600,USDJPY
1787447656,1.1001433070114583,1.101,1.099,1.0896766099931419,739,GBPUSD
1787447656,1.0697397359536416,1.101,1.099,1.0741152050619425,615,EURUSD
1787447656,1.0696196669933864,1.101,1.099,1.1212691282706742,504,XAUUSD
1787448556,1.1010044950520301,1.101,1.099,1.088646934640277,228,GBPUSD
1787448556,1.0684889236684671,1.101,1.099,1.1225362162966734,286,XAUUSD
1787448556,1.109616033986614,1.101,1.099,1.0624405535085082,388,USDJPY
1787448556,1.0706723133557128,1.101,1.099,1.0746163168105027,433,EURUSD
1787449456,1.072084153397175,1.101,1.099,1.0735932640947452,170,EURUSD
1787449456,1.0704237843018183,1.101,1.099,1.123591093126213,765,XAUUSD
1787449456,1.1099851404092553,1.101,1.099,1.0624572464497188,725,USDJPY
1787449456,1.1001183215900372,1.101,1.099,1.0877120794637525,713,GBPUSD
1787450356,1.1015674183154764,1.101,1.099,1.087886014283174,383,GBPUSD
1787450356,1.0708310897106275,1.101,1.099,1.1228020252647843,654,XAUUSD
1787450356,1.072163637963078,1.101,1.099,1.0725180637936647,287,EURUSD
1787450356,1.1109028349306604,1.101,1.099,1.0625114727172063,368,USDJPY
1787451256,1.1104924360483712,1.101,1.099,1.0635358063120985,128,USDJPY
1787451256,1.0715629243423104,1.101,1.099,1.1217278756780296,133,XAUUSD
1787451256,1.101463320446368,1.101,1.099,1.0868331837105054,477,GBPUSD
1787451256,1.071360785478447,1.101,1.099,1.0727466870304494,381,EURUSD
1787452156,1.0715952697039826,1.101,1.099,1.0735696949321174,952,EURUSD
1787452156,1.1117582279081755,1.101,1.099,1.0636827680292493,996,USDJPY
1787452156,1.0728660355849446,1.101,1.099,1.1212837177810164,624,XAUUSD
1787452156,1.1025904909140298,1.101,1.099,1.0881444841085532,316,GBPUSD
1787453056,1.0734348929155697,1.101,1.099,1.12127768993755,877,XAUUSD
1787453056,1.072054222940186,1.101,1.099,1.074896661079094,354,EURUSD
1787453056,1.1027595205451826,1.101,1.099,1.0886483146328279,909,GBPUSD
1787453056,1.1130171893784373,1.101,1.099,1.062148856406037,234,USDJPY
1787453956,1.0737294082962636,1.101,1.099,1.1209940306905155,203,XAUUSD
1787453956,1.1019259886631605,1.101,1.099,1.087956892573488,179,GBPUSD
1787453956,1.0729324081842706,1.101,1.099,1.0747552681158938,898,EURUSD
1787453956,1.114448516336357,1.101,1.099,1.0627794328434113,158,USDJPY
1787454856,1.1023424540905578,1.101,1.099,1.0871033339402387,425,GBPUSD
1787454856,1.073237954163478,1.101,1.099,1.119960429503579,471,XAUUSD
1787454856,1.114568850541665,1.101,1.099,1.0624666539692456,107,USDJPY
1787454856,1.0724547718121709,1.101,1.099,1.0728110222603937,624,EURUSD
1787455756,1.0722516871004928,1.101,1.099,1.0719417201610442,562,EURUSD
1787455756,1.1127858180190073,1.101,1.099,1.061449161613257,407,USDJPY
1787455756,1.102779089728134,1.101,1.099,1.0869974212348434,574,GBPUSD
1787455756,1.0734001707533913,1.101,1.099,1.118836543143453,675,XAUUSD
1787456656,1.0716157704203042,1.101,1.099,1.1173059338981726,413,XAUUSD
1787456656,1.1035250194512256,1.101,1.099,1.088990700771948,370,GBPUSD
1787456656,1.1137815541320548,1.101,1.099,1.062104928237238,165,USDJPY
1787456656,1.07045919380292,1.101,1.099,1.0715454790307566,271,EURUSD
1787457556,1.070419509288153,1.101,1.099,1.0694644509393283,167,EURUSD
1787457556,1.1133302974328987,1.101,1.099,1.0615974052975212,989,USDJPY
1787457556,1.1037357392144618,1.101,1.099,1.090304918510519,964,GBPUSD
1787457556,1.0724330505255677,1.101,1.099,1.117252863437383,772,XAUUSD
1787458456,1.0730772294490512,1.101,1.099,1.1167806634463595,350,XAUUSD
1787458456,1.1023376663573397,1.101,1.099,1.0899156830656163,101,GBPUSD
1787458456,1.1136099061042721,1.101,1.099,1.0616727221258393,982,USDJPY
1787458456,1.0704690022458485,1.101,1.099,1.0700338504588027,945,EURUSD
1787459356,1.0709142541620873,1.101,1.099,1.0709899077539062,202,EURUSD
1787459356,1.1144848610838638,1.101,1.099,1.0629583776561287,533,USDJPY
1787459356,1.0729690391355993,1.101,1.099,1.1171659355406205,687,XAUUSD
1787459356,1.102992837841694,1.101,1.099,1.089702918439802,954,GBPUSD
1787460256,1.073786228633902,1.101,1.099,1.1160242814175687,983,XAUUSD
1787460256,1.1024053210226217,1.101,1.099,1.091143402158236,442,GBPUSD
1787460256,1.1132824102051269,1.101,1.099,1.0645021870406475,500,USDJPY
1787460256,1.0714955675272293,1.101,1.099,1.070386082125936,694,EURUSD
1787461156,1.1139926060931598,1.101,1.099,1.0633399116316944,375,USDJPY
1787461156,1.073413046667186,1.101,1.099,1.1166242125122192,665,XAUUSD
1787461156,1.0718642774290015,1.101,1.099,1.0717854263183018,655,EURUSD
1787461156,1.1026295550111995,1.101,1.099,1.0921681877670928,193,GBPUSD
1787462056,1.1138312010970712,1.101,1.099,1.0660657671933258,996,USDJPY
1787462056,1.1021241664893506,1.101,1.099,1.0928138472093638,298,GBPUSD
1787462056,1.0744513308978638,1.101,1.099,1.1172277215448099,398,XAUUSD
1787462056,1.0699491320908217,1.101,1.099,1.0701828863206901,910,EURUSD
1787462956,1.1023516163562006,1.101,1.099,1.0901312090575137,997,GBPUSD
1787462956,1.0738597323744754,1.101,1.099,1.118304614642899,443,XAUUSD
1787462956,1.114355180728182,1.101,1.099,1.0649609549903585,143,USDJPY
1787462956,1.0700054419911964,1.101,1.099,1.0700506270494154,510,EURUSD
1787463856,1.0705356067837049,1.101,1.099,1.0685127108161194,612,EURUSD
1787463856,1.1156493902739582,1.101,1.099,1.0654847668093663,633,USDJPY
1787463856,1.071851667420576,1.101,1.099,1.1183504447472352,200,XAUUSD
1787463856,1.1020784539810244,1.101,1.099,1.0888965269722055,179,GBPUSD
1787464756,1.113617829332026,1.101,1.099,1.0648767114186446,118,USDJPY
1787464756,1.0713167436531144,1.101,1.099,1.1177442121656842,340,XAUUSD
1787464756,1.1015647792295735,1.101,1.099,1.088861998003638,124,GBPUSD
1787464756,1.0712045290082552,1.101,1.099,1.068422647943403,284,EURUSD
1787465656,1.1154006262025962,1.101,1.099,1.0650079395764565,578,USDJPY
1787465656,1.1010360880370351,1.101,1.099,1.0887735055342476,980,GBPUSD
1787465656,1.0694201147911866,1.101,1.099,1.0682894891416814,874,EURUSD
1787465656,1.0702327783045826,1.101,1.099,1.1185137560470388,368,XAUUSD
1787466556,1.1136739007824807,1.101,1.099,1.0644168969812984,250,USDJPY
1787466556,1.1014054867933862,1.101,1.099,1.0877930168176488,172,GBPUSD
1787466556,1.0680303138857357,1.101,1.099,1.1197115194907672,494,XAUUSD
1787466556,1.0694911027631342,1.101,1.099,1.0684420708592843,992,EURUSD
1787467456,1.067361664564622,1.101,1.099,1.118039696163434,635,XAUUSD
1787467456,1.0700563785412895,1.101,1.099,1.0676756663538265,167,EURUSD
1787467456,1.1019877650708938,1.101,1.099,1.088112915548798,705,GBPUSD
1787467456,1.113649809522461,1.101,1.099,1.0649587229696895,312,USDJPY
1787468356,1.1016676285591067,1.101,1.099,1.0859074888957412,871,GBPUSD
1787468356,1.1137099976429121,1.101,1.099,1.0656486656192192,535,USDJPY
1787468356,1.070583097367723,1.101,1.099,1.067981316352631,775,EURUSD
1787468356,1.0668129720058406,1.101,1.099,1.118557096072437,251,XAUUSD
1787469256,1.0719189272286536,1.101,1.099,1.067727221239691,230,EURUSD
1787469256,1.0667180619111591,1.101,1.099,1.1192836585433539,892,XAUUSD
1787469256,1.113601891331979,1.101,1.099,1.065594107840458,257,USDJPY
1787469256,1.1012199283364765,1.101,1.099,1.0853252048439241,896,GBPUSD
1787470156,1.072431302644693,1.101,1.099,1.0689354866906773,462,EURUSD
1787470156,1.103480087631298,1.101,1.099,1.0840556866387907,962,GBPUSD
1787470156,1.1129628504791325,1.101,1.099,1.0659325799117556,931,USDJPY
1787470156,1.0671446884694575,1.101,1.099,1.1198778094394213,352,XAUUSD
1787471056,1.10402989694166,1.101,1.099,1.0853114537204243,289,GBPUSD
1787471056,1.0703601003898386,1.101,1.099,1.0701601274055035,830,EURUSD
1787471056,1.0672596011483526,1.101,1.099,1.1196542429412732,570,XAUUSD
1787471056,1.1132333415777285,1.101,1.099,1.0657219164845184,176,USDJPY
1787471956,1.067300364378013,1.101,1.099,1.1200427917804017,178,XAUUSD
1787471956,1.0709128239506103,1.101,1.099,1.0709224693092838,538,EURUSD
1787471956,1.1137312816848421,1.101,1.099,1.0676566107319112,383,USDJPY
1787471956,1.1023338407253722,1.101,1.099,1.0855714422352336,123,GBPUSD
1787472856,1.0703455891368998,1.101,1.099,1.072097234274183,535,EURUSD
1787472856,1.1126713984611605,1.101,1.099,1.0673105448132474,202,USDJPY
1787472856,1.1033543494224476,1.101,1.099,1.0853465112387344,892,GBPUSD
1787472856,1.0686259382735959,1.101,1.099,1.1200277226894415,839,XAUUSD
1787473756,1.1130223017039362,1.101,1.099,1.0664043319784455,178,USDJPY
1787473756,1.1036027346659127,1.101,1.099,1.08601134211348,738,GBPUSD
1787473756,1.0697241032080578,1.101,1.099,1.073320855849806,690,EURUSD
1787473756,1.0681701842823812,1.101,1.099,1.1219357849758385,867,XAUUSD
1787474656,1.1036970538489448,1.101,1.099,1.0874984934478231,239,GBPUSD
1787474656,1.0683557237087795,1.101,1.099,1.1227590502757017,517,XAUUSD
1787474656,1.0691295062238013,1.101,1.099,1.071685512567345,597,EURUSD
1787474656,1.1139211318376514,1.101,1.099,1.066465742487203,423,USDJPY
1787475556,1.11588214276567,1.101,1.099,1.0657502859087455,199,USDJPY
1787475556,1.0686140611965542,1.101,1.099,1.1231385223719708,612,XAUUSD
1787475556,1.0711104653781258,1.101,1.099,1.0720400322924941,670,EURUSD
1787475556,1.1042761411736994,1.101,1.099,1.0866407467122938,201,GBPUSD
1787476456,1.1143713662821442,1.101,1.099,1.064389439772207,438,USDJPY
1787476456,1.1037706805629013,1.101,1.099,1.085989352517772,274,GBPUSD
1787476456,1.0701284977338714,1.101,1.099,1.0740156304378579,620,EURUSD
1787476456,1.069365879926238,1.101,1.099,1.1216525654560014,504,XAUUSD
1787477356,1.103653024749592,1.101,1.099,1.086200998911733,208,GBPUSD
1787477356,1.1137228097722447,1.101,1.099,1.0650127017586157,383,USDJPY
1787477356,1.0689200216695867,1.101,1.099,1.1214061526526158,675,XAUUSD
1787477356,1.0717118427356926,1.101,1.099,1.0735139983000155,720,EURUSD
1787478256,1.103260194200614,1.101,1.099,1.0888285820028232,270,GBPUSD
1787478256,1.0733082528332587,1.101,1.099,1.0735869003529603,177,EURUSD
1787478256,1.0689139633755227,1.101,1.099,1.119984882946448,836,XAUUSD
1787478256,1.114442741212609,1.101,1.099,1.0634298343062862,363,USDJPY
1787479156,1.1147604776283602,1.101,1.099,1.0630288050313508,707,USDJPY
1787479156,1.0734174303122261,1.101,1.099,1.0741161874060543,584,EURUSD
1787479156,1.102284429337873,1.101,1.099,1.0876778076549216,512,GBPUSD
1787479156,1.0693005271387377,1.101,1.099,1.121526269134074,245,XAUUSD
1787480056,1.1027425875714945,1.101,1.099,1.0881512776349525,685,GBPUSD
1787480056,1.0688695543041178,1.101,1.099,1.1197029846361841,807,XAUUSD
1787480056,1.1142206180818175,1.101,1.099,1.0629506854129338,644,USDJPY
1787480056,1.0730473115828056,1.101,1.099,1.0735076130940322,158,EURUSD
1787480956,1.1013779091655125,1.101,1.099,1.0884067343323878,204,GBPUSD
1787480956,1.0694414462100474,1.101,1.099,1.11976530109157,649,XAUUSD
1787480956,1.1143354982897629,1.101,1.099,1.0625774160026324,829,USDJPY
1787480956,1.0720760684026054,1.101,1.099,1.0741947018825408,750,EURUSD
1787481856,1.0723167226333472,1.101,1.099,1.0742512154481536,815,EURUSD
1787481856,1.0679419995320856,1.101,1.099,1.1181375495846753,128,XAUUSD
1787481856,1.1012612865710403,1.101,1.099,1.087866447553308,791,GBPUSD
1787481856,1.113191211034326,1.101,1.099,1.0628521648126101,256,USDJPY
1787482756,1.1130197068417285,1.101,1.099,1.0611046202959142,309,USDJPY
1787482756,1.0735171223056637,1.101,1.099,1.073902039672675,323,EURUSD
1787482756,1.0673878256532974,1.101,1.099,1.1169611259071366,178,XAUUSD
1787482756,1.1011088542321006,1.101,1.099,1.0867317279294344,580,GBPUSD
1787483656,1.1000878775030631,1.101,1.099,1.0873431010406094,418,GBPUSD
1787483656,1.0672917417325853,1.101,1.099,1.1169961957367298,287,XAUUSD
1787483656,1.0744231037850214,1.101,1.099,1.0734422358294733,349,EURUSD
1787483656,1.112679580648032,1.101,1.099,1.062378753342857,674,USDJPY
1787484556,1.0745378438896158,1.101,1.099,1.0739133322156764,116,EURUSD
1787484556,1.099995197742608,1.101,1.099,1.089380760626813,297,GBPUSD
1787484556,1.0671020995431317,1.101,1.099,1.1155765378859586,642,XAUUSD
1787484556,1.111212232161226,1.101,1.099,1.0627097392172629,664,USDJPY
1787485456,1.1114785586303637,1.101,1.099,1.0626052575869047,825,USDJPY
1787485456,1.065264773906089,1.101,1.099,1.1147907117654667,866,XAUUSD
1787485456,1.0980755852004715,1.101,1.099,1.0907723515665544,211,GBPUSD
1787485456,1.0764197413297292,1.101,1.099,1.0722021185920574,811,EURUSD
1787486356,1.0983950866693266,1.101,1.099,1.0898966615979162,751,GBPUSD
1787486356,1.0757742190399742,1.101,1.099,1.071632867000491,551,EURUSD
1787486356,1.1136406571499964,1.101,1.099,1.0634758941994693,838,USDJPY
1787486356,1.0647857351805126,1.101,1.099,1.1157859568422133,523,XAUUSD
1787487256,1.1147198894837576,1.101,1.099,1.061613170571098,358,USDJPY
1787487256,1.0660508717126695,1.101,1.099,1.1161970423404441,361,XAUUSD
1787487256,1.0989068885463238,1.101,1.099,1.0890785466244854,416,GBPUSD
1787487256,1.0765725224813951,1.101,1.099,1.0721946981275197,386,EURUSD
1787488156,1.0668612760470062,1.101,1.099,1.114683086779108,911,XAUUSD
1787488156,1.1150722610109276,1.101,1.099,1.0634328399374673,314,USDJPY
1787488156,1.0757604307228565,1.101,1.099,1.0735683233871605,287,EURUSD
1787488156,1.0972932015049357,1.101,1.099,1.0885294372425391,492,GBPUSD
1787489056,1.0763514490472579,1.101,1.099,1.0743900238873607,737,EURUSD
1787489056,1.0961201760493757,1.101,1.099,1.0879973781733014,483,GBPUSD
1787489056,1.0679752064078216,1.101,1.099,1.1137717109461192,427,XAUUSD
1787489056,1.1157383669693985,1.101,1.099,1.062767227088983,807,USDJPY
1787489956,1.1161656634958013,1.101,1.099,1.0636261266878464,277,USDJPY
1787489956,1.0768759717260048,1.101,1.099,1.0735892045734363,309,EURUSD
1787489956,1.0953636758259566,1.101,1.099,1.0901691988319488,753,GBPUSD
1787489956,1.0690625655106245,1.101,1.099,1.1133898400105562,172,XAUUSD
1787490856,1.095387423547948,1.101,1.099,1.0906072040561499,478,GBPUSD
1787490856,1.0700327497375344,1.101,1.099,1.1142624807758386,703,XAUUSD
1787490856,1.0765069288138405,1.101,1.099,1.0727901482239002,406,EURUSD
1787490856,1.1146833049849785,1.101,1.099,1.0649343812297687,801,USDJPY
1787491756,1.0951832488306403,1.101,1.099,1.089360991307114,700,GBPUSD
1787491756,1.0776394966853982,1.101,1.099,1.073084758697848,276,EURUSD
1787491756,1.0706311901081196,1.101,1.099,1.113791546521575,298,XAUUSD
1787491756,1.1143228291699174,1.101,1.099,1.0645296872000998,524,USDJPY
1787492656,1.1131288837242304,1.101,1.099,1.0655281313566578,144,USDJPY
1787492656,1.0720340426790915,1.101,1.099,1.1134811242895861,496,XAUUSD
1787492656,1.077637081324613,1.101,1.099,1.0730873418096818,367,EURUSD
1787492656,1.0968026067534966,1.101,1.099,1.0894521010977558,586,GBPUSD
1787493556,1.110881171945029,1.101,1.099,1.0663992674783316,860,USDJPY
1787493556,1.0781101857523014,1.101,1.099,1.071567331835228,503,EURUSD
1787493556,1.0725561156328176,1.101,1.099,1.1154827128936002,237,XAUUSD
1787493556,1.0978308458927277,1.101,1.099,1.0881616773048646,113,GBPUSD
1787494456,1.0788015280631602,1.101,1.099,1.0716684178243376,503,EURUSD
1787494456,1.1104681758561386,1.101,1.099,1.0684776287372437,160,USDJPY
1787494456,1.096522722377942,1.101,1.099,1.0890229899014259,721,GBPUSD
1787494456,1.0734371209474711,1.101,1.099,1.114970150479498,366,XAUUSD
1787495356,1.1115881252080109,1.101,1.099,1.068475005590109,958,USDJPY
1787495356,1.0722773309142755,1.101,1.099,1.1153078417130755,751,XAUUSD
1787495356,1.0792678721094133,1.101,1.099,1.072221656211529,148,EURUSD
1787495356,1.0960856373940997,1.101,1.099,1.0889246600556524,315,GBPUSD
1787496256,1.096106236314402,1.101,1.099,1.0871994208350286,328,GBPUSD
1787496256,1.0729922066203983,1.101,1.099,1.114430458598001,191,XAUUSD
1787496256,1.1115713691532298,1.101,1.099,1.0690693662033628,951,USDJPY
1787496256,1.0803690633091556,1.101,1.099,1.0720312134132337,381,EURUSD
1787497156,1.111053816724416,1.101,1.099,1.0690750057668759,265,USDJPY
1787497156,1.0731978405539444,1.101,1.099,1.1154257689339877,946,XAUUSD
1787497156,1.0950508483488255,1.101,1.099,1.0869491383243326,140,GBPUSD
1787497156,1.0794290005121518,1.101,1.099,1.0728770117845805,280,EURUSD
1787498056,1.112321888756967,1.101,1.099,1.0691516001767483,469,USDJPY
1787498056,1.0732122168646732,1.101,1.099,1.1154900625814563,121,XAUUSD
1787498056,1.0788575062640073,1.101,1.099,1.071573327809535,586,EURUSD
1787498056,1.0962489439468937,1.101,1.099,1.0870049561644621,146,GBPUSD
1787498956,1.077498650773651,1.101,1.099,1.0717378608668398,985,EURUSD
1787498956,1.07346664330026,1.101,1.099,1.115233013039244,255,XAUUSD
1787498956,1.1116711035284186,1.101,1.099,1.0690944463133492,648,USDJPY
1787498956,1.09668269801398,1.101,1.099,1.088875019640932,413,GBPUSD
1787499856,1.112735076694227,1.101,1.099,1.0698218835047126,754,USDJPY
1787499856,1.0775788802599715,1.101,1.099,1.0712244149550385,188,EURUSD
1787499856,1.0971491447932469,1.101,1.099,1.0896958660205902,167,GBPUSD
1787499856,1.0741876718553118,1.101,1.099,1.1148806132985098,272,XAUUSD
1787500756,1.1131881515799846,1.101,1.099,1.0701904912064435,350,USDJPY
1787500756,1.0983458760072644,1.101,1.099,1.0895049915926311,528,GBPUSD
1787500756,1.0742004665442246,1.101,1.099,1.114920019220268,705,XAUUSD
1787500756,1.0765885288466606,1.101,1.099,1.071490793624821,786,EURUSD
1787501656,1.098566196847685,1.101,1.099,1.0885277851120467,196,GBPUSD
1787501656,1.1130016259256696,1.101,1.099,1.071868593628819,908,USDJPY
1787501656,1.0758736743173622,1.101,1.099,1.0718814743382539,859,EURUSD
1787501656,1.0754583240836588,1.101,1.099,1.114445561625975,696,XAUUSD
1787502556,1.0754683813586257,1.101,1.099,1.0705339522842907,437,EURUSD
1787502556,1.0745346069144779,1.101,1.099,1.113903259170923,490,XAUUSD
1787502556,1.1136635869125313,1.101,1.099,1.0721001755910988,794,USDJPY
1787502556,1.0986667354496396,1.101,1.099,1.088041596258868,521,GBPUSD
1787503456,1.073833876601085,1.101,1.099,1.1130311784211298,782,XAUUSD
1787503456,1.1139213324861175,1.101,1.099,1.0725773116488526,151,USDJPY
1787503456,1.0990815478059104,1.101,1.099,1.0888910978595534,747,GBPUSD
1787503456,1.0759814260216065,1.101,1.099,1.0690933247330856,726,EURUSD
1787504356,1.113460806607312,1.101,1.099,1.0731313995876897,140,USDJPY
1787504356,1.1001328613336825,1.101,1.099,1.0896389437953975,490,GBPUSD
1787504356,1.0738082195799683,1.101,1.099,1.1106496435704036,384,XAUUSD
1787504356,1.0764006087647442,1.101,1.099,1.066598349297027,691,EURUSD
1787505256,1.0719927494175348,1.101,1.099,1.1130231177091225,484,XAUUSD
1787505256,1.1145081515425816,1.101,1.099,1.0740439714808094,147,USDJPY
1787505256,1.0981786659541215,1.101,1.099,1.0900665824340474,691,GBPUSD
1787505256,1.0773019523901342,1.101,1.099,1.0650354535513307,906,EURUSD
1787506156,1.0763030925700194,1.101,1.099,1.065022063914681,259,EURUSD
1787506156,1.0719550980204,1.101,1.099,1.1132181468895221,947,XAUUSD
1787506156,1.0989223754232111,1.101,1.099,1.0911938025373118,915,GBPUSD
1787506156,1.1146915538421154,1.101,1.099,1.0743965139974407,385,USDJPY
1787507056,1.0717724528484915,1.101,1.099,1.1136638082173502,428,XAUUSD
1787507056,1.1167495715144837,1.101,1.099,1.0743099029672112,419,USDJPY
1787507056,1.0752003282137461,1.101,1.099,1.0645332072029183,526,EURUSD
1787507056,1.099422314812546,1.101,1.099,1.0908902165170868,628,GBPUSD
1787507956,1.1164752438645043,1.101,1.099,1.0718124929801378,589,USDJPY
1787507956,1.098341901333919,1.101,1.099,1.0908538454111973,759,GBPUSD
1787507956,1.0746965906405688,1.101,1.099,1.0666005494330824,460,EURUSD
1787507956,1.0719670905825798,1.101,1.099,1.1142471674664574,931,XAUUSD
1787508856,1.099664371316548,1.101,1.099,1.0904955941635064,112,GBPUSD
1787508856,1.116313684076888,1.101,1.099,1.0714813719746588,125,USDJPY
1787508856,1.0727369770619621,1.101,1.099,1.1128489394758414,673,XAUUSD
1787508856,1.0752593778174055,1.101,1.099,1.0665051624475246,253,EURUSD
1787509756,1.1000708375113777,1.101,1.099,1.0912822178330939,707,GBPUSD
1787509756,1.115954065775324,1.101,1.099,1.0722942659634411,790,USDJPY
1787509756,1.075843403380598,1.101,1.099,1.0678505486940102,688,EURUSD
1787509756,1.072046744310497,1.101,1.099,1.1136016704811644,692,XAUUSD
1787510656,1.0987692449929782,1.101,1.099,1.0910824849862086,809,GBPUSD
1787510656,1.0769397002830212,1.101,1.099,1.0667440004935336,488,EURUSD
1787510656,1.0723150670303072,1.101,1.099,1.1133072253339018,323,XAUUSD
1787510656,1.1171490915931181,1.101,1.099,1.0713766356028143,716,USDJPY
1787511556,1.0979408707291531,1.101,1.099,1.0895997096242507,662,GBPUSD
1787511556,1.1179463015979838,1.101,1.099,1.0722833098100357,350,USDJPY
1787511556,1.0743218372841707,1.101,1.099,1.1121834584720744,876,XAUUSD
1787511556,1.0777047352576588,1.101,1.099,1.0688099785673997,677,EURUSD
1787512456,1.0750081452855338,1.101,1.099,1.1137152148707141,938,XAUUSD
1787512456,1.119513788197661,1.101,1.099,1.0706683053991053,677,USDJPY
1787512456,1.0771359983062072,1.101,1.099,1.0677751245743976,612,EURUSD
1787512456,1.098545026825238,1.101,1.099,1.0910836481687876,240,GBPUSD
1787513356,1.0983030099263902,1.101,1.099,1.0896867166700286,296,GBPUSD
1787513356,1.076634144664707,1.101,1.099,1.0662125709748635,731,EURUSD
1787513356,1.1200764287396685,1.101,1.099,1.0712903524745632,174,USDJPY
1787513356,1.0735490379010828,1.101,1.099,1.1124555666263525,979,XAUUSD
1787514256,1.0981267870643932,1.101,1.099,1.0887186903346808,563,GBPUSD
1787514256,1.119731446551239,1.101,1.099,1.0716512688537831,239,USDJPY
1787514256,1.0727153857317602,1.101,1.099,1.112672044322349,978,XAUUSD
1787514256,1.076866494884228,1.101,1.099,1.0672382177921618,788,EURUSD
1787515156,1.0716043046029484,1.101,1.099,1.1120469257505017,850,XAUUSD
1787515156,1.1197386468192236,1.101,1.099,1.0716835083492064,682,USDJPY
1787515156,1.0759661225982387,1.101,1.099,1.0685783503812936,346,EURUSD
1787515156,1.0992440069699851,1.101,1.099,1.0889210719038978,801,GBPUSD
1787516056,1.0987519279652516,1.101,1.099,1.08865898277987,872,GBPUSD
1787516056,1.0771396755475227,1.101,1.099,1.0685214109220367,815,EURUSD
1787516056,1.1191683339589427,1.101,1.099,1.071203006204149,302,USDJPY
1787516056,1.0715200320884377,1.101,1.099,1.1116877914274286,259,XAUUSD
1787516956,1.0981196566066285,1.101,1.099,1.0897201011256865,278,GBPUSD
1787516956,1.1181111676508357,1.101,1.099,1.0712308855159989,898,USDJPY
1787516956,1.0721101231532149,1.101,1.099,1.1132493166293607,100,XAUUSD
1787516956,1.0779224476535978,1.101,1.099,1.0695272064727106,219,EURUSD
1787517856,1.071334556365887,1.101,1.099,1.1127103652960748,695,XAUUSD
1787517856,1.118308722298135,1.101,1.099,1.0703723368880766,937,USDJPY
1787517856,1.0761746593412782,1.101,1.099,1.0701437343442612,637,EURUSD
1787517856,1.0980658393517555,1.101,1.099,1.0911936647411284,425,GBPUSD
1787518756,1.0972433717844905,1.101,1.099,1.0921292970614025,268,GBPUSD
1787518756,1.075143075904451,1.101,1.099,1.0697089117297545,201,EURUSD
1787518756,1.1194705250300596,1.101,1.099,1.0703811779911103,209,USDJPY
1787518756,1.0718088441832345,1.101,1.099,1.1136463212836512,809,XAUUSD
1787519656,1.0961602633851852,1.101,1.099,1.0923380097707107,611,GBPUSD
1787519656,1.1186318713526855,1.101,1.099,1.070891022841682,129,USDJPY
1787519656,1.0711072037698226,1.101,1.099,1.1137342231743488,692,XAUUSD
1787519656,1.0743077945520674,1.101,1.099,1.0697936574834341,160,EURUSD
1787520556,1.070486175322319,1.101,1.099,1.115426685359514,853,XAUUSD
1787520556,1.1174885225199136,1.101,1.099,1.070931189631822,558,USDJPY
1787520556,1.0745164109905925,1.101,1.099,1.0696256365961072,157,EURUSD
1787520556,1.0946508690250296,1.101,1.099,1.0902431397711818,475,GBPUSD
1787521456,1.09632882680441,1.101,1.099,1.0923155250093561,770,GBPUSD
1787521456,1.0720767839103031,1.101,1.099,1.070249034483236,988,EURUSD
1787521456,1.1186300874394486,1.101,1.099,1.071963061136708,634,USDJPY
1787521456,1.0707296088978306,1.101,1.099,1.113607537562094,271,XAUUSD
1787522356,1.0968893567361775,1.101,1.099,1.0923959603320474,349,GBPUSD
1787522356,1.1182710729570466,1.101,1.099,1.0733578595334023,366,USDJPY
1787522356,1.0702433240118472,1.101,1.099,1.113659453113737,228,XAUUSD
1787522356,1.0717286873314622,1.101,1.099,1.0707432132149408,500,EURUSD
1787523256,1.0698098152378168,1.101,1.099,1.1146237186039458,363,XAUUSD
1787523256,1.1198458728118545,1.101,1.099,1.0757247777855548,829,USDJPY
1787523256,1.0718041964261218,1.101,1.099,1.0715111120740248,668,EURUSD
1787523256,1.0966794234969464,1.101,1.099,1.0929851068626801,534,GBPUSD
1787524156,1.1207726619386493,1.101,1.099,1.0772488626958856,773,USDJPY
1787524156,1.0701461585861312,1.101,1.099,1.1144203610836396,140,XAUUSD
1787524156,1.0968934702530948,1.101,1.099,1.0933108515800158,285,GBPUSD
1787524156,1.0742316920106798,1.101,1.099,1.0732459239169219,626,EURUSD
